interval_begin;interval_end;interval_id;edge_id;lane_arrived;lane_density;lane_departed;lane_entered;lane_id;lane_laneChangedFrom;lane_laneChangedTo;lane_laneDensity;lane_left;lane_occupancy;lane_overlapTraveltime;lane_sampledSeconds;lane_speed;lane_speedRelative;lane_timeLoss;lane_traveltime;lane_waitingTime
00:00:00;01:00:00;DEFAULT_LANEDATA;-100289765#0;0;4.02;0;113;-100289765#0_0;0;0;4.02;113;1.79;5.03;568.49;8.80;0.63;153.88;4.32;51.00
00:00:00;01:00:00;DEFAULT_LANEDATA;-100289765#1;0;3.45;20;93;-100289765#1_0;0;0;3.45;113;1.55;4.42;489.36;10.05;0.72;129.47;4.01;0.00
00:00:00;01:00:00;DEFAULT_LANEDATA;-100289765#2;0;104.56;0;83;-100289765#2_0;0;0;104.56;83;2.01;0.91;75.28;5.73;0.41;43.54;0.04;0.00
00:00:00;01:00:00;DEFAULT_LANEDATA;-100289774#0;10;0.56;0;20;-100289774#0_0;0;0;0.56;10;0.25;4.53;89.70;10.90;0.78;15.24;3.95;0.00
00:00:00;01:00:00;DEFAULT_LANEDATA;-100289774#1;10;0.72;0;30;-100289774#1_0;0;0;0.72;20;0.33;4.10;122.04;12.64;0.91;11.49;3.71;0.00
00:00:00;01:00:00;DEFAULT_LANEDATA;-100289774#2;0;2.13;0;40;-100289774#2_0;0;0;2.13;40;0.94;9.41;376.33;5.76;0.41;216.93;8.17;127.00
00:00:00;01:00:00;DEFAULT_LANEDATA;-100289774#3;0;9.24;10;153;-100289774#3_0;0;0;9.24;163;4.23;8.19;1324.86;5.48;0.39;710.75;7.31;337.00
00:00:00;01:00:00;DEFAULT_LANEDATA;-100289774#4;0;4.49;0;113;-100289774#4_0;0;0;4.49;113;2.06;7.33;828.81;7.68;0.55;363.20;6.84;151.00
00:00:00;01:00:00;DEFAULT_LANEDATA;-100289777;10;0.35;0;10;-100289777_0;0;0;0.35;0;0.14;3.30;32.41;9.34;0.67;10.99;2.87;0.00
00:00:00;01:00:00;DEFAULT_LANEDATA;-100289779#0;0;13.03;0;369;-100289779#0_0;0;0;13.03;369;5.30;2.95;1088.47;9.56;0.69;334.00;2.37;62.00
00:00:00;01:00:00;DEFAULT_LANEDATA;-100289779#2;0;8.82;0;336;-100289779#2_0;0;0;8.82;336;4.19;9.96;3345.71;11.08;0.80;651.44;9.53;96.00
00:00:00;01:00:00;DEFAULT_LANEDATA;-100289779#3;0;3.09;0;130;-100289779#3_0;0;0;3.09;130;1.48;10.86;1411.96;12.16;0.88;172.57;10.43;0.00
00:00:00;01:00:00;DEFAULT_LANEDATA;-100289779#4;0;1.96;0;70;-100289779#4_0;0;0;1.96;70;0.83;2.92;204.24;11.63;0.84;30.31;2.51;0.00
00:00:00;01:00:00;DEFAULT_LANEDATA;-100289779#5;0;2.85;10;70;-100289779#5_0;0;0;2.85;80;1.17;2.63;204.75;9.52;0.69;50.50;2.10;0.00
00:00:00;01:00:00;DEFAULT_LANEDATA;-100289780;10;0.88;20;10;-100289780_0;0;0;0.88;20;0.43;14.79;432.23;9.53;0.69;123.05;14.08;0.00
00:00:00;01:00:00;DEFAULT_LANEDATA;-100289784#0;10;1.46;10;40;-100289784#0_0;0;0;1.46;40;0.70;15.81;784.53;9.74;0.70;200.54;14.97;0.00
00:00:00;01:00:00;DEFAULT_LANEDATA;-100289784#1;0;0.83;0;30;-100289784#1_0;0;0;0.83;30;0.37;4.70;140.92;11.14;0.80;27.31;4.30;0.00
00:00:00;01:00:00;DEFAULT_LANEDATA;-100289793;0;36.19;10;11;-100289793_0;0;0;36.19;21;0.71;1.26;26.06;4.11;0.30;14.05;0.03;0.00
00:00:00;01:00:00;DEFAULT_LANEDATA;-100289802#1;0;1.36;10;10;-100289802#1_0;0;0;1.36;20;0.60;6.72;122.99;4.48;0.32;70.51;5.49;0.00
00:00:00;01:00:00;DEFAULT_LANEDATA;-100289802#2;0;0.33;0;10;-100289802#2_0;0;0;0.33;10;0.15;6.21;62.13;9.28;0.67;22.72;5.60;0.00
00:00:00;01:00:00;DEFAULT_LANEDATA;-100289812#1;0;3.80;10;50;-100289812#1_0;0;0;3.80;60;1.80;11.26;665.09;4.76;0.34;427.15;10.51;148.00
00:00:00;01:00:00;DEFAULT_LANEDATA;-100289829;10;0.75;0;30;-100289829_0;0;0;0.75;20;0.36;17.01;509.55;11.35;0.82;87.04;16.31;0.00
00:00:00;01:00:00;DEFAULT_LANEDATA;-100289830#0;10;18.35;0;382;-100289830#0_0;0;0;18.35;372;7.83;4.36;1663.37;6.92;0.50;826.36;3.40;422.00
00:00:00;01:00:00;DEFAULT_LANEDATA;-100289830#2;0;15.74;0;382;-100289830#2_0;0;0;15.74;382;5.25;1.46;555.98;10.18;0.73;144.44;0.99;34.70
00:00:00;01:00:00;DEFAULT_LANEDATA;-100289830#3;0;12.75;0;382;-100289830#3_0;0;0;12.75;382;5.30;3.14;1199.38;9.92;0.71;334.06;2.70;80.00
00:00:00;01:00:00;DEFAULT_LANEDATA;-100289832#0;0;43.75;1;55;-100289832#0_0;0;0;43.75;33;21.80;641.78;28069.12;0.29;0.02;27464.79;635.95;26227.00
00:00:00;01:00:00;DEFAULT_LANEDATA;-100289832#1;0;92.93;1;54;-100289832#1_0;0;0;92.93;55;1.78;1.24;66.91;4.19;0.30;46.36;0.06;0.00
00:00:00;01:00:00;DEFAULT_LANEDATA;-100289857;0;22.29;10;10;-100289857_0;0;0;22.29;12;11.11;310.37;4712.57;0.21;0.01;4628.21;301.93;4444.00
00:00:00;01:00:00;DEFAULT_LANEDATA;-100289865#0;0;55.77;0;16;-100289865#0_0;0;0;55.77;9;27.68;1114.80;9902.80;0.05;0.00;9865.64;1033.26;9655.00
00:00:00;01:00:00;DEFAULT_LANEDATA;-100289865#1;0;47.44;0;32;-100289865#1_0;0;0;47.44;25;23.65;320.70;8772.24;0.18;0.01;8652.38;315.04;8417.00
00:00:00;01:00:00;DEFAULT_LANEDATA;-100289866#0;17;0.37;0;17;-100289866#0_0;0;0;0.37;0;0.18;15.20;256.73;12.88;0.93;15.47;14.82;0.00
00:00:00;01:00:00;DEFAULT_LANEDATA;-100289866#1;0;0.42;0;17;-100289866#1_0;0;0;0.42;17;0.20;11.68;198.62;11.67;0.84;29.42;11.06;0.00
00:00:00;01:00:00;DEFAULT_LANEDATA;-100289866#2;0;0.40;0;17;-100289866#2_0;0;0;0.40;17;0.19;10.96;186.38;12.27;0.88;19.50;10.58;0.00
00:00:00;01:00:00;DEFAULT_LANEDATA;-100289874#1;0;3.87;0;24;-100289874#1_0;0;0;3.87;24;1.88;23.64;567.48;1.93;0.14;486.52;22.79;386.00
00:00:00;01:00:00;DEFAULT_LANEDATA;-100289874#2;10;1.41;10;29;-100289874#2_0;0;0;1.41;29;0.63;6.00;226.96;8.26;0.59;85.50;5.39;0.00
00:00:00;01:00:00;DEFAULT_LANEDATA;-100289875;0;0.97;20;0;-100289875_0;0;0;0.97;20;0.46;11.18;205.92;5.74;0.41;108.67;10.33;0.00
00:00:00;01:00:00;DEFAULT_LANEDATA;-100289880#0;10;0.49;0;20;-100289880#0_0;0;0;0.49;10;0.23;11.34;226.26;11.77;0.85;30.66;10.72;0.00
00:00:00;01:00:00;DEFAULT_LANEDATA;-100289880#1;20;1.50;0;58;-100289880#1_0;0;0;1.50;38;0.69;10.02;578.91;11.20;0.81;103.57;9.17;17.00
00:00:00;01:00:00;DEFAULT_LANEDATA;-100289884#0;0;0.27;0;10;-100289884#0_0;0;0;0.27;10;0.13;11.23;112.30;10.75;0.77;19.35;10.45;0.00
00:00:00;01:00:00;DEFAULT_LANEDATA;-100289884#1;0;3.28;0;70;-100289884#1_0;0;0;3.28;70;1.51;8.13;569.02;6.54;0.47;278.20;7.34;68.00
00:00:00;01:00:00;DEFAULT_LANEDATA;-100289887#0;0;64.27;0;85;-100289887#0_0;0;0;64.27;73;32.04;285.02;20162.72;0.32;0.02;19651.93;282.06;18793.00
00:00:00;01:00:00;DEFAULT_LANEDATA;-100289887#1;0;54.66;21;60;-100289887#1_0;0;0;54.66;77;25.93;69.52;5081.11;0.44;0.03;4917.31;69.17;4756.00
00:00:00;01:00:00;DEFAULT_LANEDATA;-100289887#2;0;47.24;5;70;-100289887#2_0;0;0;47.24;58;23.59;336.98;22434.27;0.41;0.03;21771.99;334.74;21042.00
00:00:00;01:00:00;DEFAULT_LANEDATA;-100289887#3;0;2.20;10;60;-100289887#3_0;0;0;2.20;70;1.06;18.56;1293.90;9.06;0.65;448.25;17.80;0.00
00:00:00;01:00:00;DEFAULT_LANEDATA;-100289887#4;0;3.42;60;0;-100289887#4_0;0;0;3.42;60;1.06;2.25;71.11;4.78;0.34;46.79;1.73;0.00
00:00:00;01:00:00;DEFAULT_LANEDATA;-100289893#0;0;1.72;10;40;-100289893#0_0;0;0;1.72;50;0.78;7.14;350.86;8.63;0.62;98.38;6.25;0.00
00:00:00;01:00:00;DEFAULT_LANEDATA;-100289893#1;0;1.48;30;10;-100289893#1_0;0;0;1.48;40;0.70;7.01;260.45;7.67;0.55;109.29;6.53;0.00
00:00:00;01:00:00;DEFAULT_LANEDATA;-100289894#0;0;58.19;0;160;-100289894#0_0;0;0;58.19;160;4.49;1.19;190.65;4.96;0.36;36.19;0.19;0.00
00:00:00;01:00:00;DEFAULT_LANEDATA;-100289894#1;0;25.09;10;150;-100289894#1_0;0;0;25.09;160;4.23;1.44;224.87;5.22;0.38;121.85;0.44;0.00
00:00:00;01:00:00;DEFAULT_LANEDATA;-100289894#2;0;2.28;10;60;-100289894#2_0;0;0;2.28;70;1.05;6.24;431.57;9.21;0.66;143.91;5.60;0.00
00:00:00;01:00:00;DEFAULT_LANEDATA;-100289894#4;0;1.77;10;50;-100289894#4_0;0;0;1.77;60;0.80;4.29;252.61;10.40;0.75;61.89;3.86;0.00
00:00:00;01:00:00;DEFAULT_LANEDATA;-100289894#5;0;2.40;10;70;-100289894#5_0;0;0;2.40;80;1.09;5.45;430.79;10.07;0.72;100.86;4.88;0.00
00:00:00;01:00:00;DEFAULT_LANEDATA;-100289894#6;0;1.84;20;40;-100289894#6_0;0;0;1.84;60;0.85;4.75;274.37;9.79;0.71;77.77;4.33;0.00
00:00:00;01:00:00;DEFAULT_LANEDATA;-100289894#7;0;1.24;0;40;-100289894#7_0;0;0;1.24;40;0.55;5.20;208.02;9.91;0.71;57.84;4.80;0.00
00:00:00;01:00:00;DEFAULT_LANEDATA;-1017426837;10;3.65;0;10;-1017426837_0;0;0;3.65;0;0.13;1.08;5.13;4.97;0.36;3.29;0.08;0.00
00:00:00;01:00:00;DEFAULT_LANEDATA;-1095740302;10;1.88;0;79;-1095740302_0;0;0;1.88;69;0.90;23.32;1842.23;11.91;0.43;967.38;21.84;0.00
00:00:00;01:00:00;DEFAULT_LANEDATA;-115090421;10;0.31;0;10;-115090421_0;0;0;0.31;0;0.13;4.32;43.19;10.07;0.72;11.76;3.93;0.00
00:00:00;01:00:00;DEFAULT_LANEDATA;-124847237;0;1.23;20;0;-124847237_0;0;0;1.23;20;0.61;29.30;563.39;4.50;0.32;366.46;28.22;161.00
00:00:00;01:00:00;DEFAULT_LANEDATA;-124847241;40;0.96;0;40;-124847241_0;0;0;0.96;0;0.46;12.29;488.11;11.88;0.86;80.10;11.91;0.00
00:00:00;01:00:00;DEFAULT_LANEDATA;-124847242;0;7.87;40;0;-124847242_0;0;0;7.87;32;3.92;98.11;3579.21;1.34;0.10;3220.67;96.80;2844.00
00:00:00;01:00:00;DEFAULT_LANEDATA;-124847246;1;0.02;0;1;-124847246_0;0;0;0.02;0;0.01;13.11;12.81;11.49;0.83;1.86;12.70;0.00
00:00:00;01:00:00;DEFAULT_LANEDATA;-124847247;0;7.10;70;0;-124847247_0;0;0;7.10;60;3.52;50.22;3230.24;2.62;0.19;2605.40;48.97;1789.00
00:00:00;01:00:00;DEFAULT_LANEDATA;-124847260#0;0;6.06;0;30;-124847260#0_0;0;0;6.06;30;2.93;24.09;722.62;1.58;0.11;627.31;23.23;519.00
00:00:00;01:00:00;DEFAULT_LANEDATA;-124847260#1;0;0.40;10;0;-124847260#1_0;0;0;0.40;10;0.18;5.16;44.27;6.99;0.50;20.92;4.50;0.00
00:00:00;01:00:00;DEFAULT_LANEDATA;-124847263#0;0;80.12;10;15;-124847263#0_0;0;0;80.12;20;39.24;677.64;11474.50;0.07;0.00;11412.32;643.50;11109.00
00:00:00;01:00:00;DEFAULT_LANEDATA;-124847277#1;0;71.91;20;100;-124847277#1_0;0;0;71.91;120;33.49;40.80;4379.88;0.54;0.04;4182.40;39.87;3739.00
00:00:00;01:00:00;DEFAULT_LANEDATA;-124847277#2;0;60.61;10;51;-124847277#2_0;0;0;60.61;52;30.22;268.73;14980.04;0.27;0.02;14676.19;265.82;13701.00
00:00:00;01:00:00;DEFAULT_LANEDATA;-124847277#3;0;21.51;10;13;-124847277#3_0;0;0;21.51;21;10.68;75.55;1521.50;0.33;0.02;1484.98;75.66;1425.00
00:00:00;01:00:00;DEFAULT_LANEDATA;-124847277#4;0;21.01;15;0;-124847277#4_0;0;0;21.01;13;10.47;134.64;1498.57;0.18;0.01;1478.30;139.62;1431.00
00:00:00;01:00:00;DEFAULT_LANEDATA;-124847280#0;20;0.46;0;20;-124847280#0_0;0;0;0.46;0;0.22;12.88;256.81;12.47;0.90;26.44;12.50;0.00
00:00:00;01:00:00;DEFAULT_LANEDATA;-124847280#1;0;1.05;0;20;-124847280#1_0;0;0;1.05;20;0.39;2.91;58.21;7.02;0.51;18.96;2.23;0.00
00:00:00;01:00:00;DEFAULT_LANEDATA;-124847280#2;0;0.09;0;2;-124847280#2_0;0;0;0.09;2;0.03;3.60;7.19;7.72;0.56;2.12;2.68;0.00
00:00:00;01:00:00;DEFAULT_LANEDATA;-124847280#3;0;0.97;0;20;-124847280#3_0;0;0;0.97;20;0.39;4.65;93.04;6.80;0.49;37.40;3.69;0.00
00:00:00;01:00:00;DEFAULT_LANEDATA;-124847280#4;0;7.82;0;76;-124847280#4_0;0;0;7.82;76;2.55;2.62;198.93;4.61;0.33;82.94;1.57;27.00
00:00:00;01:00:00;DEFAULT_LANEDATA;-124847280#5;0;79.96;0;76;-124847280#5_0;0;0;79.96;76;1.54;0.76;57.57;6.86;0.49;29.00;0.03;0.00
00:00:00;01:00:00;DEFAULT_LANEDATA;-124847280#6;0;1.06;20;0;-124847280#6_0;0;0;1.06;20;0.51;11.44;209.36;5.25;0.38;128.19;10.56;3.00
00:00:00;01:00:00;DEFAULT_LANEDATA;-235501417#2;0;0.64;0;20;-235501417#2_0;0;0;0.64;20;0.29;7.77;155.38;9.36;0.67;42.63;6.88;0.00
00:00:00;01:00:00;DEFAULT_LANEDATA;-235501417#3;0;0.23;0;10;-235501417#3_0;0;0;0.23;10;0.11;3.88;38.83;13.16;0.95;1.90;3.51;0.00
00:00:00;01:00:00;DEFAULT_LANEDATA;-235501417#4;0;0.31;0;10;-235501417#4_0;0;0;0.31;10;0.13;4.63;46.27;10.12;0.73;12.42;4.24;0.00
00:00:00;01:00:00;DEFAULT_LANEDATA;-237460520;0;0.89;10;10;-237460520_0;0;0;0.89;20;0.41;8.81;168.47;6.54;0.47;75.35;7.88;0.00
00:00:00;01:00:00;DEFAULT_LANEDATA;-24037248;10;1.01;0;89;-24037248_0;0;0;1.01;79;0.49;9.69;862.11;24.92;0.82;147.65;9.50;0.00
00:00:00;01:00:00;DEFAULT_LANEDATA;-24037249;0;1.94;0;89;-24037249_0;0;0;1.94;89;0.86;3.15;280.54;14.30;0.51;138.73;2.86;0.00
00:00:00;01:00:00;DEFAULT_LANEDATA;-24037262;0;5.08;0;378;-24037262_0;0;0;5.08;375;2.43;6.33;2382.65;21.39;0.77;521.28;6.02;0.00
00:00:00;01:00:00;DEFAULT_LANEDATA;-24235711#1;0;28.11;8;43;-24235711#1_0;0;0;28.11;43;13.94;126.07;5832.25;0.50;0.04;5602.60;124.14;5043.00
00:00:00;01:00:00;DEFAULT_LANEDATA;-24235717#0;10;17.19;10;413;-24235717#0_0;0;0;17.19;409;7.71;6.52;2742.11;7.56;0.54;1010.13;5.66;3.00
00:00:00;01:00:00;DEFAULT_LANEDATA;-24235717#1;10;12.25;0;424;-24235717#1_0;0;0;12.25;413;5.36;3.77;1594.55;10.92;0.79;336.05;3.29;0.00
00:00:00;01:00:00;DEFAULT_LANEDATA;-24235720#0;0;16.13;0;320;-24235720#0_0;0;0;16.13;320;7.89;29.97;9585.98;5.68;0.41;5581.73;29.14;1702.00
00:00:00;01:00:00;DEFAULT_LANEDATA;-24235720#2;7;6.87;0;283;-24235720#2_0;0;0;6.87;275;3.35;17.09;4819.67;11.70;0.84;688.85;16.64;14.00
00:00:00;01:00:00;DEFAULT_LANEDATA;-24235724#0;0;46.66;10;221;-24235724#0_0;0;0;46.66;231;22.46;59.27;13267.78;1.42;0.10;11908.70;58.21;8252.00
00:00:00;01:00:00;DEFAULT_LANEDATA;-24235724#1;0;12.78;10;211;-24235724#1_0;0;0;12.78;221;6.06;21.20;4435.82;4.78;0.34;2911.14;18.34;914.00
00:00:00;01:00:00;DEFAULT_LANEDATA;-24235724#6;0;3.07;10;70;-24235724#6_0;0;0;3.07;80;1.50;29.63;2363.43;7.40;0.53;1104.61;29.00;562.00
00:00:00;01:00:00;DEFAULT_LANEDATA;-24235724#7;0;0.79;30;0;-24235724#7_0;0;0;0.79;30;0.39;11.16;320.23;10.58;0.76;73.11;10.73;0.00
00:00:00;01:00:00;DEFAULT_LANEDATA;-24496199#0;0;6.90;0;293;-24496199#0_0;0;0;6.90;293;3.19;4.52;1316.45;12.83;0.58;545.42;4.19;186.00
00:00:00;01:00:00;DEFAULT_LANEDATA;-24496199#1;0;41.11;0;298;-24496199#1_0;0;0;41.11;298;19.23;24.57;7217.09;2.19;0.10;6451.06;22.86;5309.00
00:00:00;01:00:00;DEFAULT_LANEDATA;-24496199#4;0;70.28;10;316;-24496199#4_0;0;0;70.28;315;34.55;67.39;21302.56;1.32;0.06;19995.13;66.10;17518.00
00:00:00;01:00:00;DEFAULT_LANEDATA;-24496199#5;0;64.89;5;314;-24496199#5_0;0;0;64.89;316;31.26;17.34;5436.26;1.63;0.07;5036.08;16.47;4519.00
00:00:00;01:00:00;DEFAULT_LANEDATA;-24496199#7;0;67.72;0;324;-24496199#7_0;0;0;67.72;313;33.54;63.43;20072.32;1.38;0.06;18820.13;62.79;16667.00
00:00:00;01:00:00;DEFAULT_LANEDATA;-24496221#1;0;26.48;0;254;-24496221#1_0;0;0;26.48;251;12.58;8.00;2018.03;3.27;0.15;1721.49;7.57;1442.00
00:00:00;01:00:00;DEFAULT_LANEDATA;-24496221#10;0;0.46;0;30;-24496221#10_0;0;0;0.46;30;0.21;3.39;101.63;19.57;0.88;10.68;3.12;0.00
00:00:00;01:00:00;DEFAULT_LANEDATA;-24496221#13;0;0.47;30;0;-24496221#13_0;0;0;0.47;30;0.23;10.93;319.36;17.76;0.80;59.95;10.69;0.00
00:00:00;01:00:00;DEFAULT_LANEDATA;-24496221#2;0;22.03;10;256;-24496221#2_0;0;0;22.03;255;9.90;24.60;6379.68;3.47;0.16;5384.11;22.60;4443.00
00:00:00;01:00:00;DEFAULT_LANEDATA;-24496221#3;0;23.48;10;246;-24496221#3_0;0;0;23.48;256;9.16;2.44;613.60;5.03;0.23;474.91;1.93;273.00
00:00:00;01:00:00;DEFAULT_LANEDATA;-24496221#4;10;4.35;0;162;-24496221#4_0;0;0;4.35;152;2.02;6.20;1003.84;11.14;0.50;494.70;5.70;199.00
00:00:00;01:00:00;DEFAULT_LANEDATA;-24496221#6;0;2.35;0;140;-24496221#6_0;0;0;2.35;140;1.12;7.38;1033.07;17.21;0.77;224.53;7.07;0.00
00:00:00;01:00:00;DEFAULT_LANEDATA;-24496221#8;0;6.13;10;130;-24496221#8_0;0;0;6.13;140;2.74;4.73;654.55;7.33;0.33;438.84;4.27;92.00
00:00:00;01:00:00;DEFAULT_LANEDATA;-24496221#9;0;1.66;20;30;-24496221#9_0;0;0;1.66;50;0.80;7.73;374.72;8.78;0.39;227.84;7.29;17.00
00:00:00;01:00:00;DEFAULT_LANEDATA;-24510983#0;0;24.30;10;10;-24510983#0_0;0;0;24.30;14;12.13;550.17;10042.99;0.22;0.02;9870.84;541.83;9452.00
00:00:00;01:00:00;DEFAULT_LANEDATA;-24510983#1;0;0.26;0;10;-24510983#1_0;0;0;0.26;10;0.12;11.11;111.13;11.22;0.81;16.44;10.32;0.00
00:00:00;01:00:00;DEFAULT_LANEDATA;-24962020#0;10;0.27;0;10;-24962020#0_0;0;0;0.27;0;0.11;2.59;25.59;11.99;0.86;3.38;2.22;0.00
00:00:00;01:00:00;DEFAULT_LANEDATA;-24962020#2;10;0.86;0;28;-24962020#2_0;0;0;0.86;18;0.39;5.46;152.47;9.91;0.71;42.63;4.89;0.00
00:00:00;01:00:00;DEFAULT_LANEDATA;-24962020#3;0;5.61;10;18;-24962020#3_0;0;0;5.61;28;0.66;1.06;27.48;5.99;0.43;15.79;0.10;0.00
00:00:00;01:00:00;DEFAULT_LANEDATA;-24962020#4;0;2.23;0;29;-24962020#4_0;0;0;2.23;29;0.84;5.45;157.99;4.53;0.33;102.28;3.87;78.00
00:00:00;01:00:00;DEFAULT_LANEDATA;-24962020#5;10;2.02;10;29;-24962020#5_0;0;0;2.02;29;0.94;5.72;212.08;5.97;0.43;123.09;5.26;67.00
00:00:00;01:00:00;DEFAULT_LANEDATA;-24962020#7;0;59.53;3;97;-24962020#7_0;0;0;59.53;94;27.74;95.52;8523.26;0.47;0.03;8220.92;93.11;7806.00
00:00:00;01:00:00;DEFAULT_LANEDATA;-254765923#1;0;0.48;10;0;-254765923#1_0;0;0;0.48;10;0.23;8.36;74.75;5.74;0.41;36.23;7.42;0.00
00:00:00;01:00:00;DEFAULT_LANEDATA;-254765923#3;0;0.36;10;0;-254765923#3_0;0;0;0.36;10;0.17;18.94;182.84;7.72;0.56;77.47;17.86;0.00
00:00:00;01:00:00;DEFAULT_LANEDATA;-25661068;40;0.60;0;40;-25661068_0;0;0;0.60;0;0.29;14.55;580.08;18.90;0.85;70.60;14.30;0.00
00:00:00;01:00:00;DEFAULT_LANEDATA;-288069073#1;0;68.98;10;107;-288069073#1_0;0;0;68.98;112;31.37;55.67;5674.11;0.50;0.04;5449.91;54.68;5046.00
00:00:00;01:00:00;DEFAULT_LANEDATA;-288069073#2;0;100.04;23;130;-288069073#2_0;0;0;100.04;138;49.12;291.14;38393.72;0.38;0.03;37289.41;288.68;33706.00
00:00:00;01:00:00;DEFAULT_LANEDATA;-288069073#4;0;75.79;10;54;-288069073#4_0;0;0;75.79;57;37.77;247.47;14687.51;0.24;0.02;14425.32;244.62;13642.00
00:00:00;01:00:00;DEFAULT_LANEDATA;-288069073#5;0;0.48;10;0;-288069073#5_0;0;0;0.48;10;0.21;3.19;22.97;5.71;0.41;13.50;2.69;0.00
00:00:00;01:00:00;DEFAULT_LANEDATA;-288069074;0;5.84;20;0;-288069074_0;0;0;5.84;20;2.88;54.07;973.94;0.95;0.34;667.98;53.03;498.00
00:00:00;01:00:00;DEFAULT_LANEDATA;-31265883#1;0;4.04;20;60;-31265883#1_0;0;0;4.04;80;1.88;8.72;680.35;5.94;0.43;358.49;7.92;18.00
00:00:00;01:00:00;DEFAULT_LANEDATA;-31265883#2;0;1.58;60;0;-31265883#2_0;0;0;1.58;60;0.77;11.72;673.93;10.52;0.76;163.44;11.22;0.00
00:00:00;01:00:00;DEFAULT_LANEDATA;-47160361#0;1;0.03;0;1;-47160361#0_0;0;0;0.03;0;0.01;11.78;11.53;10.44;0.75;1.35;11.32;0.00
00:00:00;01:00:00;DEFAULT_LANEDATA;-47160361#1;10;0.52;0;20;-47160361#1_0;0;0;0.52;10;0.25;10.61;211.35;11.06;0.80;37.61;10.03;0.00
00:00:00;01:00:00;DEFAULT_LANEDATA;-47160361#2;0;1.13;0;47;-47160361#2_0;0;0;1.13;47;0.53;6.66;310.87;12.20;0.88;37.07;6.26;0.00
00:00:00;01:00:00;DEFAULT_LANEDATA;-530494956;0;133.33;0;104;-530494956_0;0;0;133.33;104;3.28;1.33;138.74;3.90;0.28;60.77;0.35;31.75
00:00:00;01:00:00;DEFAULT_LANEDATA;-530494958;0;101.44;10;22;-530494958_0;0;0;101.44;32;2.00;2.31;73.04;2.25;0.16;47.53;1.58;34.00
00:00:00;01:00:00;DEFAULT_LANEDATA;-53478381#0;0;73.02;0;63;-53478381#0_0;0;0;73.02;46;36.47;752.50;32482.79;0.17;0.01;32083.62;743.19;30590.00
00:00:00;01:00:00;DEFAULT_LANEDATA;-53478381#1;10;54.44;0;97;-53478381#1_0;0;0;54.44;72;27.11;283.23;22240.72;0.42;0.03;21545.97;280.95;20429.82
00:00:00;01:00:00;DEFAULT_LANEDATA;-53478584#0;0;22.65;10;126;-53478584#0_0;0;0;22.65;136;10.62;13.07;1752.84;2.03;0.15;1466.90;12.16;902.00
00:00:00;01:00:00;DEFAULT_LANEDATA;-53478584#1;0;5.47;10;95;-53478584#1_0;0;0;5.47;104;2.54;12.35;1284.93;5.69;0.41;739.69;11.17;396.00
00:00:00;01:00:00;DEFAULT_LANEDATA;-53478584#2;10;2.71;0;105;-53478584#2_0;0;0;2.71;95;1.16;2.76;289.76;12.54;0.90;26.13;2.36;0.00
00:00:00;01:00:00;DEFAULT_LANEDATA;-53478584#4;0;2.55;10;95;-53478584#4_0;0;0;2.55;105;1.21;8.72;910.83;11.98;0.86;118.98;8.32;0.00
00:00:00;01:00:00;DEFAULT_LANEDATA;-53478584#5;0;1.13;30;0;-53478584#5_0;0;0;1.13;30;0.53;5.65;148.67;7.36;0.53;64.83;5.09;0.00
00:00:00;01:00:00;DEFAULT_LANEDATA;-53478596#0;0;12.85;10;60;-53478596#0_0;0;0;12.85;65;6.31;46.28;3143.12;1.58;0.19;2529.79;45.11;1879.00
00:00:00;01:00:00;DEFAULT_LANEDATA;-53478596#1;0;1.79;0;40;-53478596#1_0;0;0;1.79;40;0.84;13.03;521.18;6.59;0.79;98.26;12.27;0.00
00:00:00;01:00:00;DEFAULT_LANEDATA;-53478596#2;3;0.59;10;3;-53478596#2_0;0;0;0.59;10;0.28;9.00;107.74;6.23;0.75;30.41;8.27;0.00
00:00:00;01:00:00;DEFAULT_LANEDATA;-53478596#3;0;1.46;10;20;-53478596#3_0;0;0;1.46;30;0.68;8.68;252.06;6.09;0.73;73.40;7.90;0.00
00:00:00;01:00:00;DEFAULT_LANEDATA;-53478596#4;0;0.50;10;0;-53478596#4_0;0;0;0.50;10;0.24;7.91;69.95;5.57;0.67;25.35;7.26;0.00
00:00:00;01:00:00;DEFAULT_LANEDATA;-53478596#5;10;0.40;0;10;-53478596#5_0;0;0;0.40;0;0.18;5.75;56.41;7.74;0.93;4.75;5.11;0.00
00:00:00;01:00:00;DEFAULT_LANEDATA;-53478608;10;1.62;0;33;-53478608_0;0;0;1.62;23;0.69;5.04;163.60;6.57;0.79;28.91;4.21;0.00
00:00:00;01:00:00;DEFAULT_LANEDATA;-53478621;0;1.35;20;0;-53478621_0;0;0;1.35;20;0.64;10.99;194.91;4.11;0.49;92.08;10.02;27.00
00:00:00;01:00:00;DEFAULT_LANEDATA;-53478628;0;1.64;30;0;-53478628_0;0;0;1.64;30;0.77;8.03;210.50;5.05;0.61;70.46;7.08;0.00
00:00:00;01:00:00;DEFAULT_LANEDATA;-53478647;0;1.04;0;30;-53478647_0;0;0;1.04;30;0.47;6.67;200.01;8.78;0.63;56.75;5.83;0.00
00:00:00;01:00:00;DEFAULT_LANEDATA;-53478658#0;30;1.40;0;50;-53478658#0_0;0;0;1.40;20;0.62;4.19;207.37;11.05;0.80;42.70;3.80;0.00
00:00:00;01:00:00;DEFAULT_LANEDATA;-53478658#1;0;13.45;60;0;-53478658#1_0;0;0;13.45;60;6.24;10.76;395.51;1.22;0.09;337.09;14.83;269.00
00:00:00;01:00:00;DEFAULT_LANEDATA;-53478678#0;0;2.30;0;85;-53478678#0_0;0;0;2.30;85;1.09;10.38;882.27;10.73;0.77;177.77;9.69;7.00
00:00:00;01:00:00;DEFAULT_LANEDATA;-53478678#1;0;2.42;0;85;-53478678#1_0;0;0;2.42;85;1.00;2.58;219.24;11.68;0.84;33.42;2.19;0.00
00:00:00;01:00:00;DEFAULT_LANEDATA;-53478678#2;10;2.60;0;95;-53478678#2_0;0;0;2.60;85;1.16;4.97;470.72;11.15;0.80;77.93;4.45;0.00
00:00:00;01:00:00;DEFAULT_LANEDATA;-53478700;0;0.28;10;0;-53478700_0;0;0;0.28;10;0.14;27.85;273.34;9.96;0.72;74.85;26.89;8.00
00:00:00;01:00:00;DEFAULT_LANEDATA;-53478731#1;0;22.26;0;25;-53478731#1_0;0;0;22.26;22;10.98;74.28;1737.96;0.36;0.04;1662.16;72.25;1562.00
00:00:00;01:00:00;DEFAULT_LANEDATA;-53478731#2;0;7.63;10;0;-53478731#2_0;0;0;7.63;1;3.81;432.30;2815.08;0.25;0.03;2730.59;414.93;2622.00
00:00:00;01:00:00;DEFAULT_LANEDATA;-53478740;0;20.33;30;0;-53478740_0;0;0;20.33;24;10.12;146.59;3578.36;0.37;0.13;3129.62;144.38;2869.00
00:00:00;01:00:00;DEFAULT_LANEDATA;-59863088;10;0.24;0;10;-59863088_0;0;0;0.24;0;0.12;25.08;249.11;11.56;0.83;35.43;24.68;0.00
00:00:00;01:00:00;DEFAULT_LANEDATA;-59863090#0;0;0.56;0;20;-59863090#0_0;0;0;0.56;20;0.27;12.92;258.30;10.35;0.75;57.86;12.04;0.00
00:00:00;01:00:00;DEFAULT_LANEDATA;-59863090#1;0;0.61;0;20;-59863090#1_0;0;0;0.61;20;0.27;4.87;97.40;10.12;0.73;27.42;4.48;0.00
00:00:00;01:00:00;DEFAULT_LANEDATA;-59863094;10;0.24;0;10;-59863094_0;0;0;0.24;0;0.12;14.89;148.56;11.87;0.85;22.97;14.51;0.00
00:00:00;01:00:00;DEFAULT_LANEDATA;-59863100;10;0.23;0;10;-59863100_0;0;0;0.23;0;0.11;16.97;169.00;12.20;0.88;23.01;16.59;0.00
00:00:00;01:00:00;DEFAULT_LANEDATA;-59863103#0;0;0.75;10;10;-59863103#0_0;0;0;0.75;20;0.35;9.75;188.24;7.65;0.55;75.47;8.86;0.00
00:00:00;01:00:00;DEFAULT_LANEDATA;-59863103#1;0;3.48;0;10;-59863103#1_0;0;0;3.48;10;0.20;0.83;8.26;6.85;0.49;4.24;0.11;0.00
00:00:00;01:00:00;DEFAULT_LANEDATA;-665481280;0;36.00;0;319;-665481280_0;0;0;36.00;310;16.74;30.17;9387.09;2.57;0.09;8506.85;27.24;7647.22
00:00:00;01:00:00;DEFAULT_LANEDATA;100289763#0;0;133.33;0;180;100289763#0_0;0;0;133.33;180;3.74;0.85;140.04;6.09;0.44;78.46;0.04;0.00
00:00:00;01:00:00;DEFAULT_LANEDATA;100289763#1;0;10.23;0;200;100289763#1_0;0;0;10.23;200;4.66;18.11;3344.50;5.29;0.38;2062.02;16.03;905.00
00:00:00;01:00:00;DEFAULT_LANEDATA;100289763#2;0;133.33;0;190;100289763#2_0;0;0;133.33;190;11.96;2.47;437.44;2.10;0.15;363.19;0.03;237.00
00:00:00;01:00:00;DEFAULT_LANEDATA;100289763#3;0;133.33;20;190;100289763#3_0;0;0;133.33;210;10.72;2.00;392.84;2.60;0.19;300.60;0.66;193.00
00:00:00;01:00:00;DEFAULT_LANEDATA;100289765#0;0;1.83;10;40;100289765#0_0;0;0;1.83;50;0.81;5.29;258.64;8.36;0.60;101.09;4.77;0.00
00:00:00;01:00:00;DEFAULT_LANEDATA;100289765#1;0;2.41;0;50;100289765#1_0;0;0;2.41;50;1.07;6.85;342.54;6.48;0.47;180.67;5.86;5.00
00:00:00;01:00:00;DEFAULT_LANEDATA;100289765#2;0;133.33;20;60;100289765#2_0;0;0;133.33;80;3.17;1.52;120.42;3.42;0.25;63.48;0.40;21.00
00:00:00;01:00:00;DEFAULT_LANEDATA;100289768#0;0;0.50;0;20;100289768#0_0;0;0;0.50;20;0.22;3.67;73.50;12.41;0.89;9.44;3.31;0.00
00:00:00;01:00:00;DEFAULT_LANEDATA;100289768#1;20;9.02;0;20;100289768#1_0;0;0;9.02;0;0.17;0.38;6.49;13.56;0.98;0.33;0.01;0.00
00:00:00;01:00:00;DEFAULT_LANEDATA;100289771;0;41.70;10;98;100289771_0;0;0;41.70;108;4.27;1.68;178.66;3.68;0.26;129.73;0.93;67.00
00:00:00;01:00:00;DEFAULT_LANEDATA;100289774#1;0;0.73;0;20;100289774#1_0;0;0;0.73;20;0.33;6.13;122.63;8.44;0.61;49.11;5.66;6.00
00:00:00;01:00:00;DEFAULT_LANEDATA;100289774#2;0;2.03;0;20;100289774#2_0;0;0;2.03;20;0.90;17.96;359.21;3.02;0.22;274.29;15.37;132.00
00:00:00;01:00:00;DEFAULT_LANEDATA;100289774#3;10;1.55;10;40;100289774#3_0;0;0;1.55;40;0.70;4.57;222.29;9.81;0.71;65.55;4.17;0.00
00:00:00;01:00:00;DEFAULT_LANEDATA;100289774#4;0;1.38;0;40;100289774#4_0;0;0;1.38;40;0.62;6.38;255.14;8.83;0.64;68.28;5.49;0.00
00:00:00;01:00:00;DEFAULT_LANEDATA;100289777;0;1.85;50;0;100289777_0;0;0;1.85;50;0.85;4.12;171.78;7.49;0.54;80.63;3.60;0.00
00:00:00;01:00:00;DEFAULT_LANEDATA;100289778;0;7.33;0;230;100289778_0;0;0;7.33;230;3.08;3.27;751.35;10.24;0.74;193.03;2.74;24.00
00:00:00;01:00:00;DEFAULT_LANEDATA;100289779#0;0;5.97;0;195;100289779#0_0;0;0;5.97;195;2.46;2.57;500.85;11.01;0.79;79.77;2.07;0.00
00:00:00;01:00:00;DEFAULT_LANEDATA;100289779#2;0;4.39;0;136;100289779#2_0;0;0;4.39;136;2.05;12.24;1664.74;9.02;0.65;559.69;11.15;338.00
00:00:00;01:00:00;DEFAULT_LANEDATA;100289779#3;0;2.72;0;114;100289779#3_0;0;0;2.72;114;1.30;10.89;1241.35;12.11;0.87;134.40;10.45;0.00
00:00:00;01:00:00;DEFAULT_LANEDATA;100289779#4;0;2.81;0;104;100289779#4_0;0;0;2.81;104;1.20;2.82;293.24;12.04;0.87;35.14;2.41;0.00
00:00:00;01:00:00;DEFAULT_LANEDATA;100289779#5;20;2.91;0;104;100289779#5_0;0;0;2.91;84;1.17;2.03;209.28;12.30;0.89;21.06;1.61;0.00
00:00:00;01:00:00;DEFAULT_LANEDATA;100289783#0;0;37.65;0;108;100289783#0_0;0;0;37.65;108;1.84;0.68;73.20;8.17;0.59;29.25;0.07;0.00
00:00:00;01:00:00;DEFAULT_LANEDATA;100289783#1;0;111.46;10;108;100289783#1_0;0;0;111.46;118;2.16;0.68;80.25;7.62;0.55;35.34;0.02;0.00
00:00:00;01:00:00;DEFAULT_LANEDATA;100289783#2;10;3.95;0;138;100289783#2_0;0;0;3.95;128;1.84;9.71;1338.19;10.20;0.73;329.96;8.87;0.00
00:00:00;01:00:00;DEFAULT_LANEDATA;100289783#3;0;125.78;0;118;100289783#3_0;0;0;125.78;118;2.42;0.77;90.56;6.78;0.49;35.79;0.03;0.00
00:00:00;01:00:00;DEFAULT_LANEDATA;100289784#0;0;0.52;10;10;100289784#0_0;0;0;0.52;20;0.25;14.28;280.78;10.78;0.78;59.70;13.89;0.00
00:00:00;01:00:00;DEFAULT_LANEDATA;100289784#1;0;0.70;0;20;100289784#1_0;0;0;0.70;20;0.31;5.95;119.01;8.79;0.63;35.32;5.18;0.00
00:00:00;01:00:00;DEFAULT_LANEDATA;100289797#0;10;39.08;10;195;100289797#0_0;0;0;39.08;195;3.14;0.65;132.25;9.11;0.66;44.82;0.10;0.00
00:00:00;01:00:00;DEFAULT_LANEDATA;100289797#1;0;5.90;0;195;100289797#1_0;0;0;5.90;195;2.33;2.14;417.26;11.52;0.83;68.59;1.72;0.00
00:00:00;01:00:00;DEFAULT_LANEDATA;100289802#0;0;3.56;50;0;100289802#0_0;0;0;3.56;50;1.64;5.81;224.91;3.88;0.28;156.60;5.32;46.00
00:00:00;01:00:00;DEFAULT_LANEDATA;100289802#1;0;4.52;10;49;100289802#1_0;0;0;4.52;59;2.01;7.14;408.99;4.22;0.30;255.93;6.24;80.00
00:00:00;01:00:00;DEFAULT_LANEDATA;100289802#2;10;1.51;0;19;100289802#2_0;0;0;1.51;9;0.72;15.27;285.22;3.78;0.27;206.03;14.33;110.00
00:00:00;01:00:00;DEFAULT_LANEDATA;100289809#1;0;0.03;0;1;100289809#1_0;0;0;0.03;1;0.01;6.91;6.91;9.14;0.66;1.65;5.93;0.00
00:00:00;01:00:00;DEFAULT_LANEDATA;100289809#2;0;1.29;0;1;100289809#2_0;0;0;1.29;1;0.02;0.93;0.93;5.61;0.40;0.40;0.04;0.00
00:00:00;01:00:00;DEFAULT_LANEDATA;100289810#0;0;0.96;0;29;100289810#0_0;0;0;0.96;29;0.43;6.88;199.66;9.12;0.66;52.86;5.98;0.00
00:00:00;01:00:00;DEFAULT_LANEDATA;100289812#1;0;0.82;10;10;100289812#1_0;0;0;0.82;20;0.37;7.51;142.97;7.14;0.51;57.14;6.66;0.00
00:00:00;01:00:00;DEFAULT_LANEDATA;100289814#1;0;29.27;0;419;100289814#1_0;0;0;29.27;419;7.06;1.18;493.07;8.23;0.59;149.15;0.58;0.00
00:00:00;01:00:00;DEFAULT_LANEDATA;100289814#2;0;19.57;0;189;100289814#2_0;0;0;19.57;189;3.60;1.07;202.94;7.34;0.53;36.23;0.39;0.00
00:00:00;01:00:00;DEFAULT_LANEDATA;100289814#3;0;36.99;0;561;100289814#3_0;0;0;36.99;561;8.63;1.04;585.84;9.00;0.65;160.67;0.50;0.00
00:00:00;01:00:00;DEFAULT_LANEDATA;100289814#4;0;132.09;0;137;100289814#4_0;0;0;132.09;137;2.54;0.69;95.10;7.49;0.54;16.22;0.03;0.00
00:00:00;01:00:00;DEFAULT_LANEDATA;100289814#5;0;133.33;0;245;100289814#5_0;0;0;133.33;245;4.01;0.62;153.08;8.48;0.61;53.46;0.04;0.00
00:00:00;01:00:00;DEFAULT_LANEDATA;100289814#6;0;6.47;0;50;100289814#6_0;0;0;6.47;50;0.75;0.70;34.92;9.31;0.67;6.81;0.16;0.00
00:00:00;01:00:00;DEFAULT_LANEDATA;100289818;10;49.09;10;424;100289818_0;0;0;49.09;424;5.92;0.65;277.48;10.17;0.73;73.40;0.15;0.00
00:00:00;01:00:00;DEFAULT_LANEDATA;100289823;10;0.55;10;10;100289823_0;0;0;0.55;10;0.27;12.77;250.09;10.30;0.74;62.32;12.17;0.00
00:00:00;01:00:00;DEFAULT_LANEDATA;100289824;0;24.48;0;372;100289824_0;0;0;24.48;372;10.73;7.39;2748.70;4.90;0.35;1769.89;6.78;1025.00
00:00:00;01:00:00;DEFAULT_LANEDATA;100289827;11;1.59;20;31;100289827_0;0;0;1.59;40;0.75;10.87;541.49;9.16;0.66;167.03;10.19;0.00
00:00:00;01:00:00;DEFAULT_LANEDATA;100289829;0;10.89;20;10;100289829_0;0;0;10.89;21;5.43;265.38;7365.54;0.73;0.05;6964.80;262.02;6573.00
00:00:00;01:00:00;DEFAULT_LANEDATA;100289830#0;0;21.93;0;230;100289830#0_0;0;0;21.93;230;10.31;8.64;1987.93;3.49;0.25;1484.33;8.16;1270.00
00:00:00;01:00:00;DEFAULT_LANEDATA;100289830#2;0;39.36;0;230;100289830#2_0;0;0;39.36;230;14.36;6.14;1411.45;2.44;0.18;1161.83;3.30;999.00
00:00:00;01:00:00;DEFAULT_LANEDATA;100289830#3;0;34.93;10;230;100289830#3_0;0;0;34.93;240;15.26;13.82;3291.05;2.26;0.16;2742.90;12.99;2172.00
00:00:00;01:00:00;DEFAULT_LANEDATA;100289836;20;1.26;0;40;100289836_0;0;0;1.26;20;0.57;6.55;260.77;9.53;0.69;83.83;6.03;0.00
00:00:00;01:00:00;DEFAULT_LANEDATA;100289844#0;0;16.76;0;369;100289844#0_0;0;0;16.76;369;6.76;3.25;1200.28;7.65;0.55;467.61;2.57;64.00
00:00:00;01:00:00;DEFAULT_LANEDATA;100289844#1;0;133.33;0;369;100289844#1_0;0;0;133.33;369;7.35;0.79;291.44;6.79;0.49;99.24;0.13;26.00
00:00:00;01:00:00;DEFAULT_LANEDATA;100289850;0;0.91;10;20;100289850_0;0;0;0.91;30;0.44;25.59;762.23;9.32;0.67;204.35;24.60;51.00
00:00:00;01:00:00;DEFAULT_LANEDATA;100289857;1;0.44;0;11;100289857_0;0;0;0.44;10;0.19;8.54;93.44;7.46;0.54;33.75;7.65;0.00
00:00:00;01:00:00;DEFAULT_LANEDATA;100289866#1;0;2.84;0;50;100289866#1_0;0;0;2.84;50;1.38;26.85;1342.27;5.08;0.37;831.82;26.31;713.00
00:00:00;01:00:00;DEFAULT_LANEDATA;100289866#2;0;30.44;0;50;100289866#2_0;0;0;30.44;44;15.18;290.29;14194.45;0.46;0.03;13675.72;287.90;12853.00
00:00:00;01:00:00;DEFAULT_LANEDATA;100289874#1;0;1.87;0;50;100289874#1_0;0;0;1.87;50;0.77;5.49;274.30;8.33;0.60;93.42;4.28;20.00
00:00:00;01:00:00;DEFAULT_LANEDATA;100289874#2;10;0.23;0;10;100289874#2_0;0;0;0.23;0;0.10;3.74;37.01;13.27;0.96;2.69;3.37;0.00
00:00:00;01:00:00;DEFAULT_LANEDATA;100289875;20;0.48;0;20;100289875_0;0;0;0.48;0;0.22;5.19;102.74;12.38;0.89;10.23;4.81;0.00
00:00:00;01:00:00;DEFAULT_LANEDATA;100289880#0;10;1.14;10;20;100289880#0_0;0;0;1.14;20;0.55;17.92;529.05;7.45;0.54;232.18;17.02;98.00
00:00:00;01:00:00;DEFAULT_LANEDATA;100289880#1;0;0.97;10;3;100289880#1_0;0;0;0.97;13;0.47;29.68;372.38;3.78;0.27;262.82;28.72;175.00
00:00:00;01:00:00;DEFAULT_LANEDATA;100289883#0;0;3.01;0;30;100289883#0_0;0;0;3.01;30;1.43;19.20;576.03;3.02;0.22;442.30;18.21;215.00
00:00:00;01:00:00;DEFAULT_LANEDATA;100289883#1;10;6.00;0;65;100289883#1_0;0;0;6.00;55;2.86;16.08;1042.70;3.31;0.24;775.27;15.26;443.00
00:00:00;01:00:00;DEFAULT_LANEDATA;100289884#0;0;1.85;0;36;100289884#0_0;0;0;1.85;36;0.89;21.40;770.30;5.64;0.41;449.51;20.62;248.00
00:00:00;01:00:00;DEFAULT_LANEDATA;100289884#1;0;14.86;0;199;100289884#1_0;0;0;14.86;199;6.98;12.93;2573.99;4.11;0.30;1730.81;12.13;938.00
00:00:00;01:00:00;DEFAULT_LANEDATA;100289887#0;0;0.49;0;20;100289887#0_0;0;0;0.49;20;0.23;7.67;153.42;12.01;0.86;22.42;7.28;0.00
00:00:00;01:00:00;DEFAULT_LANEDATA;100289887#1;0;0.56;0;21;100289887#1_0;0;0;0.56;21;0.23;2.49;51.82;12.39;0.89;5.74;2.06;0.00
00:00:00;01:00:00;DEFAULT_LANEDATA;100289887#2;0;0.55;0;20;100289887#2_0;0;0;0.55;20;0.26;12.95;258.93;10.58;0.76;61.43;12.27;0.00
00:00:00;01:00:00;DEFAULT_LANEDATA;100289887#3;10;0.23;0;10;100289887#3_0;0;0;0.23;0;0.11;13.32;132.65;12.63;0.91;11.99;12.94;0.00
00:00:00;01:00:00;DEFAULT_LANEDATA;100289890;0;2.46;0;67;100289890_0;0;0;2.46;67;1.12;8.98;601.71;8.12;0.58;213.64;8.01;0.00
00:00:00;01:00:00;DEFAULT_LANEDATA;100289891#0;0;30.14;0;351;100289891#0_0;0;0;30.14;320;14.92;74.73;25074.91;3.16;0.23;19236.53;73.93;16539.00
00:00:00;01:00:00;DEFAULT_LANEDATA;100289893#0;0;0.42;10;0;100289893#0_0;0;0;0.42;10;0.20;9.29;85.19;6.63;0.48;36.78;8.41;0.00
00:00:00;01:00:00;DEFAULT_LANEDATA;100289893#1;0;0.62;0;20;100289893#1_0;0;0;0.62;20;0.27;5.41;108.19;9.93;0.72;28.41;4.87;0.00
00:00:00;01:00:00;DEFAULT_LANEDATA;100289894#0;0;25.23;0;108;100289894#0_0;0;0;25.23;108;1.93;0.77;82.64;7.72;0.56;32.85;0.11;0.00
00:00:00;01:00:00;DEFAULT_LANEDATA;100289894#1;7;18.03;20;108;100289894#1_0;0;0;18.03;121;3.18;1.34;161.64;5.57;0.40;43.79;0.37;0.00
00:00:00;01:00:00;DEFAULT_LANEDATA;100289894#2;0;0.94;0;38;100289894#2_0;0;0;0.94;38;0.43;4.69;178.39;12.25;0.88;15.96;4.19;0.00
00:00:00;01:00:00;DEFAULT_LANEDATA;100289894#4;0;0.73;0;27;100289894#4_0;0;0;0.73;27;0.32;3.85;104.05;11.58;0.83;14.64;3.37;0.00
00:00:00;01:00:00;DEFAULT_LANEDATA;100289894#5;0;0.79;0;31;100289894#5_0;0;0;0.79;31;0.36;4.57;141.73;12.00;0.86;17.08;4.18;0.00
00:00:00;01:00:00;DEFAULT_LANEDATA;100289894#6;11;0.87;0;31;100289894#6_0;0;0;0.87;20;0.39;4.22;129.78;11.02;0.79;18.52;3.64;0.00
00:00:00;01:00:00;DEFAULT_LANEDATA;100289894#7;10;0.86;10;10;100289894#7_0;0;0;0.86;10;0.40;7.66;143.85;6.73;0.48;69.65;6.69;0.00
00:00:00;01:00:00;DEFAULT_LANEDATA;1017426831;0;2.79;10;10;1017426831_0;0;0;2.79;20;0.74;2.42;37.94;3.63;0.26;23.81;1.14;5.00
00:00:00;01:00:00;DEFAULT_LANEDATA;1017426836;0;5.13;10;10;1017426836_0;0;0;5.13;20;1.37;3.70;59.43;2.22;0.16;44.46;3.32;27.00
00:00:00;01:00:00;DEFAULT_LANEDATA;1017426837;0;17.62;20;0;1017426837_0;0;0;17.62;20;0.68;13.33;24.74;0.40;0.03;23.73;;20.00
00:00:00;01:00:00;DEFAULT_LANEDATA;1017430411#1;0;67.10;0;64;1017430411#1_0;0;0;67.10;64;1.29;0.75;48.31;6.89;0.31;16.86;0.03;0.00
00:00:00;01:00:00;DEFAULT_LANEDATA;1017430411#2;0;2.15;0;40;1017430411#2_0;0;0;2.15;40;0.68;1.75;69.86;8.04;0.36;43.76;1.21;0.00
00:00:00;01:00:00;DEFAULT_LANEDATA;1017430411#4;0;35.75;0;70;1017430411#4_0;0;0;35.75;70;1.29;0.72;50.19;7.52;0.34;16.77;0.06;0.00
00:00:00;01:00:00;DEFAULT_LANEDATA;1017430413;0;18.23;0;24;1017430413_0;0;0;18.23;24;0.35;0.55;13.13;9.51;0.43;7.06;0.02;0.00
00:00:00;01:00:00;DEFAULT_LANEDATA;1017430414;0;94.20;20;40;1017430414_0;0;0;94.20;60;1.85;1.15;67.82;4.54;0.20;43.84;0.42;16.00
00:00:00;01:00:00;DEFAULT_LANEDATA;1017430415;0;122.02;20;50;1017430415_0;0;0;122.02;70;2.38;1.27;87.85;4.10;0.18;62.11;0.35;16.00
00:00:00;01:00:00;DEFAULT_LANEDATA;1017430416#0;10;2.91;0;84;1017430416#0_0;0;0;2.91;74;1.21;3.09;258.23;9.59;0.69;64.89;2.45;0.00
00:00:00;01:00:00;DEFAULT_LANEDATA;1017430416#1;10;32.06;0;74;1017430416#1_0;0;0;32.06;64;1.38;0.73;54.24;7.46;0.54;8.02;0.06;0.00
00:00:00;01:00:00;DEFAULT_LANEDATA;1017430417#0;0;101.63;0;70;1017430417#0_0;0;0;101.63;70;1.09;0.57;40.25;8.89;0.64;14.07;0.01;0.00
00:00:00;01:00:00;DEFAULT_LANEDATA;1017430417#1;0;2.11;0;70;1017430417#1_0;0;0;2.11;70;0.87;2.68;187.76;11.10;0.80;35.27;2.25;0.00
00:00:00;01:00:00;DEFAULT_LANEDATA;1095740302;0;1.12;0;69;1095740302_0;0;0;1.12;69;0.53;15.93;1098.93;17.44;0.63;413.94;15.72;0.00
00:00:00;01:00:00;DEFAULT_LANEDATA;1134259906;3;67.99;0;23;1134259906_0;0;0;67.99;20;0.76;1.56;34.27;3.29;0.24;18.89;0.39;8.00
00:00:00;01:00:00;DEFAULT_LANEDATA;124847237;20;0.49;0;20;124847237_0;0;0;0.49;0;0.23;11.28;224.03;11.68;0.84;26.39;10.88;0.00
00:00:00;01:00:00;DEFAULT_LANEDATA;124847240;10;38.19;30;21;124847240_0;0;0;38.19;26;19.06;369.67;15649.89;0.32;0.02;15278.95;365.13;14483.00
00:00:00;01:00:00;DEFAULT_LANEDATA;124847242;20;0.52;0;20;124847242_0;0;0;0.52;0;0.25;11.81;234.53;11.12;0.80;38.64;11.40;0.00
00:00:00;01:00:00;DEFAULT_LANEDATA;124847247;10;0.24;0;10;124847247_0;0;0;0.24;0;0.11;10.87;107.92;12.08;0.87;16.29;10.50;0.00
00:00:00;01:00:00;DEFAULT_LANEDATA;124847257;20;0.47;0;20;124847257_0;0;0;0.47;0;0.21;3.39;66.91;13.17;0.95;5.01;3.02;0.00
00:00:00;01:00:00;DEFAULT_LANEDATA;124847260#0;20;2.20;0;43;124847260#0_0;0;0;2.20;23;0.95;6.20;262.98;6.15;0.44;143.44;5.33;0.00
00:00:00;01:00:00;DEFAULT_LANEDATA;124847260#1;13;0.32;0;13;124847260#1_0;0;0;0.32;0;0.14;2.26;28.44;13.14;0.95;1.49;1.88;0.00
00:00:00;01:00:00;DEFAULT_LANEDATA;124847263#0;18;65.87;10;68;124847263#0_0;0;0;65.87;60;31.02;140.28;9433.46;0.32;0.02;9186.59;138.68;8416.00
00:00:00;01:00:00;DEFAULT_LANEDATA;124847263#1;30;0.87;0;30;124847263#1_0;0;0;0.87;0;0.39;5.37;158.60;10.39;0.75;36.71;4.96;0.00
00:00:00;01:00:00;DEFAULT_LANEDATA;124847277#1;0;36.79;0;82;124847277#1_0;0;0;36.79;79;16.67;29.09;2240.96;0.75;0.05;2100.68;28.05;1978.00
00:00:00;01:00:00;DEFAULT_LANEDATA;124847277#2;0;1.42;0;44;124847277#2_0;0;0;1.42;44;0.65;7.86;345.14;9.23;0.66;90.70;6.93;0.00
00:00:00;01:00:00;DEFAULT_LANEDATA;124847277#3;1;0.02;0;1;124847277#3_0;0;0;0.02;0;0.01;1.68;1.68;14.67;1.06;0.03;1.33;0.00
00:00:00;01:00:00;DEFAULT_LANEDATA;124847280#0;0;0.35;10;0;124847280#0_0;0;0;0.35;10;0.17;20.49;198.42;7.84;0.56;77.09;19.59;0.00
00:00:00;01:00:00;DEFAULT_LANEDATA;124847280#1;0;1.42;10;10;124847280#1_0;0;0;1.42;20;0.58;4.50;78.71;4.54;0.33;42.99;3.56;0.00
00:00:00;01:00:00;DEFAULT_LANEDATA;124847280#2;10;5.09;5;20;124847280#2_0;0;0;5.09;12;2.48;18.85;417.16;1.47;0.11;370.93;17.95;337.00
00:00:00;01:00:00;DEFAULT_LANEDATA;124847280#3;0;12.26;10;30;124847280#3_0;0;0;12.26;37;5.63;31.67;1175.07;1.00;0.07;1077.91;28.48;835.00
00:00:00;01:00:00;DEFAULT_LANEDATA;124847280#4;10;12.69;10;75;124847280#4_0;0;0;12.69;75;2.46;4.04;322.89;2.99;0.22;250.33;1.00;190.00
00:00:00;01:00:00;DEFAULT_LANEDATA;124847280#5;0;96.10;10;74;124847280#5_0;0;0;96.10;84;1.87;0.83;69.19;6.28;0.45;34.07;0.02;3.00
00:00:00;01:00:00;DEFAULT_LANEDATA;124847280#6;6;13.29;0;78;124847280#6_0;0;0;13.29;65;6.37;35.24;2633.20;1.70;0.12;2298.65;34.30;2047.00
00:00:00;01:00:00;DEFAULT_LANEDATA;235501417#3;0;0.28;0;10;235501417#3_0;0;0;0.28;10;0.12;4.65;46.51;10.98;0.79;10.34;4.27;0.00
00:00:00;01:00:00;DEFAULT_LANEDATA;235501417#4;0;0.25;0;10;235501417#4_0;0;0;0.25;10;0.11;3.70;37.02;12.65;0.91;3.87;3.30;0.00
00:00:00;01:00:00;DEFAULT_LANEDATA;235501417#5;0;0.54;0;20;235501417#5_0;0;0;0.54;20;0.24;4.01;80.15;11.51;0.83;13.25;3.60;0.00
00:00:00;01:00:00;DEFAULT_LANEDATA;235501417#6;0;0.57;0;20;235501417#6_0;0;0;0.57;20;0.27;8.75;174.91;10.33;0.74;39.68;8.06;0.00
00:00:00;01:00:00;DEFAULT_LANEDATA;235968152;30;1.20;0;30;235968152_0;0;0;1.20;0;0.58;21.21;628.66;7.11;0.85;91.24;20.54;0.00
00:00:00;01:00:00;DEFAULT_LANEDATA;237460520;0;0.91;20;0;237460520_0;0;0;0.91;20;0.43;9.50;173.12;6.07;0.44;83.80;8.56;0.00
00:00:00;01:00:00;DEFAULT_LANEDATA;24037248;0;24.93;10;69;24037248_0;0;0;24.93;49;12.22;331.84;21217.97;0.73;0.02;20711.36;313.80;19837.00
00:00:00;01:00:00;DEFAULT_LANEDATA;24037249;0;45.03;0;49;24037249_0;0;0;45.03;43;20.01;142.13;6496.06;0.32;0.01;6421.80;140.58;6212.00
00:00:00;01:00:00;DEFAULT_LANEDATA;24037251#0;0;92.78;0;354;24037251#0_0;0;0;92.78;353;33.16;9.81;3446.87;1.56;0.06;3168.64;5.20;2631.00
00:00:00;01:00:00;DEFAULT_LANEDATA;24037251#1;0;0.63;0;30;24037251#1_0;0;0;0.63;30;0.25;1.66;49.80;16.30;0.59;20.13;1.33;0.00
00:00:00;01:00:00;DEFAULT_LANEDATA;24037251#2;0;16.28;0;363;24037251#2_0;0;0;16.28;363;5.76;1.70;616.38;9.14;0.33;348.85;0.97;103.00
00:00:00;01:00:00;DEFAULT_LANEDATA;24037251#3;0;1.29;0;50;24037251#3_0;0;0;1.29;50;0.50;1.58;78.81;13.96;0.50;27.42;1.23;0.00
00:00:00;01:00:00;DEFAULT_LANEDATA;24037251#4;0;23.44;0;395;24037251#4_0;0;0;23.44;395;7.62;1.44;567.83;8.13;0.29;370.29;0.89;88.00
00:00:00;01:00:00;DEFAULT_LANEDATA;24037251#5;0;45.74;0;303;24037251#5_0;0;0;45.74;303;14.76;10.64;3224.00;2.31;0.08;2878.75;6.02;2262.00
00:00:00;01:00:00;DEFAULT_LANEDATA;24037251#6;0;133.33;0;380;24037251#6_0;0;0;133.33;380;42.95;4.13;1556.39;1.26;0.05;1483.91;0.03;1270.00
00:00:00;01:00:00;DEFAULT_LANEDATA;24037251#7;0;64.52;0;319;24037251#7_0;0;0;64.52;316;30.65;15.92;5051.57;1.68;0.06;4743.96;15.26;3858.00
00:00:00;01:00:00;DEFAULT_LANEDATA;24037253#0;0;43.35;0;43;24037253#0_0;0;0;43.35;41;18.50;80.87;3383.46;0.33;0.01;3342.54;53.66;3199.00
00:00:00;01:00:00;DEFAULT_LANEDATA;24037253#1;0;113.48;0;40;24037253#1_0;0;0;113.48;39;30.32;30.18;1147.98;0.26;0.01;1127.18;28.07;1096.00
00:00:00;01:00:00;DEFAULT_LANEDATA;24037254#0;0;3.20;0;59;24037254#0_0;0;0;3.20;59;0.55;0.53;29.93;14.47;0.52;14.12;0.18;0.00
00:00:00;01:00:00;DEFAULT_LANEDATA;24037254#2;0;3.27;30;59;24037254#2_0;0;0;3.27;89;1.39;2.47;201.39;8.96;0.32;122.81;2.02;0.00
00:00:00;01:00:00;DEFAULT_LANEDATA;24037257#0;10;10.90;10;92;24037257#0_0;0;0;10.90;92;3.39;4.08;400.01;3.72;0.13;346.08;3.32;167.00
00:00:00;01:00:00;DEFAULT_LANEDATA;24037257#1;10;8.94;0;92;24037257#1_0;0;0;8.94;82;3.82;5.32;486.44;3.79;0.14;418.16;4.53;175.00
00:00:00;01:00:00;DEFAULT_LANEDATA;24037257#2;0;102.07;0;82;24037257#2_0;0;0;102.07;82;1.96;0.90;73.49;5.80;0.21;11.71;0.04;0.00
00:00:00;01:00:00;DEFAULT_LANEDATA;24037262;0;48.92;10;392;24037262_0;0;0;48.92;385;23.75;58.53;22928.25;2.31;0.08;21013.76;55.38;16891.00
00:00:00;01:00:00;DEFAULT_LANEDATA;24037263#0;0;70.97;0;343;24037263#0_0;0;0;70.97;336;31.49;11.97;4064.77;1.75;0.06;3807.56;10.42;3059.00
00:00:00;01:00:00;DEFAULT_LANEDATA;24037263#1;0;97.22;10;335;24037263#1_0;0;1;97.22;345;42.91;5.61;1900.55;1.86;0.07;1727.75;4.96;1394.00
00:00:00;01:00:00;DEFAULT_LANEDATA;24037263#1;0;26.93;0;2;24037263#1_1;1;0;26.93;0;12.77;505.64;526.38;0.02;0.00;526.03;263.24;521.00
00:00:00;01:00:00;DEFAULT_LANEDATA;24037264#0;0;18.67;0;313;24037264#0_0;0;0;18.67;313;6.05;2.01;629.86;7.14;0.26;465.92;1.62;258.00
00:00:00;01:00:00;DEFAULT_LANEDATA;24037264#1;10;37.21;0;313;24037264#1_0;0;0;37.21;300;13.55;7.01;2173.82;3.03;0.11;1933.67;6.66;1704.00
00:00:00;01:00:00;DEFAULT_LANEDATA;24037266#0;0;10.15;0;364;24037266#0_0;0;0;10.15;363;3.74;1.42;517.56;13.46;0.48;244.57;1.08;0.00
00:00:00;01:00:00;DEFAULT_LANEDATA;24037266#1;0;3.71;0;164;24037266#1_0;0;0;3.71;164;1.41;1.29;211.26;16.17;0.58;86.86;0.99;0.00
00:00:00;01:00:00;DEFAULT_LANEDATA;24037266#2;0;41.56;0;471;24037266#2_0;0;0;41.56;469;15.08;3.75;1751.80;4.46;0.16;1463.93;3.29;972.00
00:00:00;01:00:00;DEFAULT_LANEDATA;24037266#3;0;40.55;0;455;24037266#3_0;0;0;40.55;454;16.44;2.16;976.66;5.42;0.19;785.45;1.73;529.00
00:00:00;01:00:00;DEFAULT_LANEDATA;24037266#4;0;35.85;0;493;24037266#4_0;0;0;35.85;484;17.15;17.06;8295.44;4.06;0.15;7024.99;16.58;5349.00
00:00:00;01:00:00;DEFAULT_LANEDATA;24037266#5;0;77.47;0;493;24037266#5_0;0;0;77.47;491;24.40;2.52;1235.54;3.74;0.13;1006.14;2.00;740.00
00:00:00;01:00:00;DEFAULT_LANEDATA;24037266#6;0;133.33;0;369;24037266#6_0;0;0;133.33;369;5.67;0.58;214.06;8.94;0.32;123.71;0.03;0.00
00:00:00;01:00:00;DEFAULT_LANEDATA;24037267#0;0;5.68;0;121;24037267#0_0;0;0;5.68;121;1.99;2.02;244.78;8.39;0.60;89.66;1.37;0.00
00:00:00;01:00:00;DEFAULT_LANEDATA;24037267#1;0;15.04;0;121;24037267#1_0;0;0;15.04;121;2.42;1.06;127.82;6.97;0.50;24.24;0.33;0.00
00:00:00;01:00:00;DEFAULT_LANEDATA;24037268#0;10;8.90;0;375;24037268#0_0;0;0;8.90;364;3.86;2.86;1069.99;13.43;0.48;545.19;2.40;0.00
00:00:00;01:00:00;DEFAULT_LANEDATA;24037268#1;0;13.22;0;364;24037268#1_0;0;0;13.22;364;5.26;2.34;852.20;9.79;0.35;547.48;1.87;0.00
00:00:00;01:00:00;DEFAULT_LANEDATA;24235711#1;0;3.28;0;115;24235711#1_0;0;0;3.28;115;1.47;5.92;681.16;10.58;0.76;163.38;5.50;0.00
00:00:00;01:00:00;DEFAULT_LANEDATA;24235711#2;0;22.11;0;105;24235711#2_0;0;0;22.11;103;10.96;49.59;5193.06;1.42;0.10;4664.91;49.03;4470.00
00:00:00;01:00:00;DEFAULT_LANEDATA;24235711#3;0;45.30;0;102;24235711#3_0;0;0;45.30;86;22.58;208.70;19636.52;0.60;0.04;18758.07;207.08;17896.00
00:00:00;01:00:00;DEFAULT_LANEDATA;24235713#0;10;46.41;10;49;24235713#0_0;0;0;46.41;41;23.12;192.49;10199.40;0.34;0.02;9939.99;190.08;9571.00
00:00:00;01:00:00;DEFAULT_LANEDATA;24235713#1;0;54.58;10;44;24235713#1_0;0;0;54.58;50;27.15;119.47;5623.74;0.28;0.02;5509.57;118.02;5326.00
00:00:00;01:00:00;DEFAULT_LANEDATA;24235713#2;10;71.04;0;76;24235713#2_0;0;0;71.04;62;32.44;92.94;6194.22;0.31;0.02;6042.00;90.52;5737.00
00:00:00;01:00:00;DEFAULT_LANEDATA;24235714#0;10;133.33;0;330;24235714#0_0;0;0;133.33;320;8.54;0.98;317.46;5.29;0.38;193.76;0.03;66.00
00:00:00;01:00:00;DEFAULT_LANEDATA;24235714#1;0;35.51;20;320;24235714#1_0;0;0;35.51;340;12.60;2.69;892.39;4.45;0.32;567.82;1.85;264.00
00:00:00;01:00:00;DEFAULT_LANEDATA;24235715;20;22.28;10;449;24235715_0;0;0;22.28;429;10.44;13.77;6244.07;6.02;0.43;3319.49;12.81;1806.00
00:00:00;01:00:00;DEFAULT_LANEDATA;24235716#0;10;133.33;10;230;24235716#0_0;0;0;133.33;230;12.21;1.87;447.03;2.78;0.20;356.86;0.03;241.00
00:00:00;01:00:00;DEFAULT_LANEDATA;24235716#1;0;133.33;10;230;24235716#1_0;0;0;133.33;240;8.92;1.89;453.89;2.75;0.20;358.22;1.11;246.29
00:00:00;01:00:00;DEFAULT_LANEDATA;24235717#0;0;2.80;0;108;24235717#0_0;0;0;2.80;108;1.26;4.13;445.86;11.94;0.86;63.66;3.69;9.00
00:00:00;01:00:00;DEFAULT_LANEDATA;24235717#1;10;6.09;0;108;24235717#1_0;0;0;6.09;98;2.79;7.35;793.07;5.60;0.40;446.92;6.57;188.00
00:00:00;01:00:00;DEFAULT_LANEDATA;24235718#1;0;52.91;0;359;24235718#1_0;0;0;52.91;359;8.23;1.18;422.87;6.13;0.44;137.88;0.35;27.00
00:00:00;01:00:00;DEFAULT_LANEDATA;24235718#2;0;133.33;0;210;24235718#2_0;0;0;133.33;210;8.02;1.41;296.37;3.68;0.27;166.90;0.04;116.00
00:00:00;01:00:00;DEFAULT_LANEDATA;24235718#3;0;133.33;0;471;24235718#3_0;0;0;133.33;471;13.75;1.07;501.78;4.78;0.34;262.57;0.02;158.00
00:00:00;01:00:00;DEFAULT_LANEDATA;24235718#4;0;133.33;0;151;24235718#4_0;0;0;133.33;151;3.21;0.80;120.38;6.52;0.47;27.87;0.03;0.00
00:00:00;01:00:00;DEFAULT_LANEDATA;24235718#5;0;133.33;0;491;24235718#5_0;0;0;133.33;491;10.69;0.89;435.43;6.46;0.47;146.65;0.11;35.00
00:00:00;01:00:00;DEFAULT_LANEDATA;24235718#6;0;133.33;0;119;24235718#6_0;0;0;133.33;119;2.65;0.83;99.28;6.23;0.45;25.98;0.03;0.00
00:00:00;01:00:00;DEFAULT_LANEDATA;24235719#0;0;133.33;0;372;24235719#0_0;0;0;133.33;372;6.62;0.66;247.18;7.83;0.56;106.43;0.02;13.00
00:00:00;01:00:00;DEFAULT_LANEDATA;24235719#1;0;133.33;0;372;24235719#1_0;0;0;133.33;372;5.87;0.59;219.63;8.81;0.63;78.88;0.02;13.00
00:00:00;01:00:00;DEFAULT_LANEDATA;24235720#0;0;67.36;0;320;24235720#0_0;0;0;67.36;303;33.53;128.13;40023.73;1.33;0.10;36142.04;127.45;33360.00
00:00:00;01:00:00;DEFAULT_LANEDATA;24235720#2;0;51.26;0;291;24235720#2_0;0;0;51.26;274;25.50;126.43;35965.03;1.58;0.11;31827.43;125.53;27876.00
00:00:00;01:00:00;DEFAULT_LANEDATA;24235722#0;0;8.80;10;149;24235722#0_0;0;0;8.80;159;2.60;1.40;217.31;8.44;0.61;72.41;0.80;0.00
00:00:00;01:00:00;DEFAULT_LANEDATA;24235722#1;0;133.33;10;159;24235722#1_0;0;0;133.33;169;4.68;1.02;172.36;5.09;0.37;85.42;0.07;49.00
00:00:00;01:00:00;DEFAULT_LANEDATA;24235723#0;10;133.33;10;252;24235723#0_0;0;0;133.33;252;7.84;1.13;289.85;4.59;0.33;193.34;0.03;76.00
00:00:00;01:00:00;DEFAULT_LANEDATA;24235723#1;1;49.29;10;252;24235723#1_0;0;0;49.29;261;20.16;5.56;1432.11;2.35;0.17;1163.76;4.82;895.00
00:00:00;01:00:00;DEFAULT_LANEDATA;24235724#0;0;3.95;0;148;24235724#0_0;0;0;3.95;148;1.85;7.39;1094.35;11.10;0.80;204.75;6.87;28.00
00:00:00;01:00:00;DEFAULT_LANEDATA;24235724#1;0;7.86;0;148;24235724#1_0;0;0;7.86;147;3.77;17.73;2622.94;5.51;0.40;1529.80;16.69;690.00
00:00:00;01:00:00;DEFAULT_LANEDATA;24235724#6;10;1.35;0;53;24235724#6_0;0;0;1.35;43;0.66;19.70;1043.41;11.12;0.80;183.53;19.01;0.00
00:00:00;01:00:00;DEFAULT_LANEDATA;24235724#7;10;0.24;0;10;24235724#7_0;0;0;0.24;0;0.12;9.80;97.44;12.05;0.87;9.86;9.40;0.00
00:00:00;01:00:00;DEFAULT_LANEDATA;24235730;0;10.96;0;293;24235730_0;0;0;10.96;292;5.17;7.26;2119.34;8.08;0.36;1337.58;6.76;540.00
00:00:00;01:00:00;DEFAULT_LANEDATA;24235731#0;0;10.55;0;333;24235731#0_0;0;0;10.55;333;4.64;4.41;1467.79;9.91;0.45;804.06;3.75;207.00
00:00:00;01:00:00;DEFAULT_LANEDATA;24235731#1;0;16.98;0;333;24235731#1_0;0;0;16.98;333;6.12;2.09;695.19;7.84;0.35;319.59;1.57;90.00
00:00:00;01:00:00;DEFAULT_LANEDATA;24235732#0;0;92.48;0;322;24235732#0_0;0;0;92.48;320;34.67;10.79;3439.02;1.42;0.06;3218.63;10.09;2671.00
00:00:00;01:00:00;DEFAULT_LANEDATA;24235732#1;0;75.34;10;320;24235732#1_0;0;0;75.34;324;32.33;32.20;10415.30;1.35;0.06;9782.09;31.57;8353.48
00:00:00;01:00:00;DEFAULT_LANEDATA;24496169;0;0.40;10;0;24496169_0;0;0;0.40;10;0.19;15.78;150.55;7.02;0.84;30.96;15.20;0.00
00:00:00;01:00:00;DEFAULT_LANEDATA;24496191;0;66.93;0;434;24496191_0;0;0;66.93;426;30.39;30.88;13111.44;1.92;0.09;11958.11;30.48;10984.00
00:00:00;01:00:00;DEFAULT_LANEDATA;24496192#0;0;11.75;10;82;24496192#0_0;0;0;11.75;85;5.59;36.10;3191.74;2.23;0.10;2868.71;31.59;2407.00
00:00:00;01:00:00;DEFAULT_LANEDATA;24496192#1;10;38.35;10;84;24496192#1_0;0;0;38.35;71;18.97;151.39;13125.75;0.66;0.03;12679.60;149.53;11503.00
00:00:00;01:00:00;DEFAULT_LANEDATA;24496192#2;0;0.55;0;17;24496192#2_0;0;0;0.55;17;0.14;0.65;11.08;16.29;0.73;3.03;0.35;0.00
00:00:00;01:00:00;DEFAULT_LANEDATA;24496192#3;18;0.26;0;18;24496192#3_0;0;0;0.26;0;0.12;9.44;169.29;20.04;0.90;17.03;9.20;0.00
00:00:00;01:00:00;DEFAULT_LANEDATA;24496195#0;0;83.60;0;284;24496195#0_0;0;0;83.60;281;32.35;24.86;7015.70;1.14;0.08;6435.34;18.73;5812.00
00:00:00;01:00:00;DEFAULT_LANEDATA;24496195#1;10;79.00;0;280;24496195#1_0;0;0;79.00;269;36.02;7.28;2019.33;1.66;0.12;1822.23;6.61;1556.00
00:00:00;01:00:00;DEFAULT_LANEDATA;24496197#1;0;119.73;0;496;24496197#1_0;0;0;119.73;495;29.21;6.29;3086.14;1.93;0.09;2798.13;3.27;2470.00
00:00:00;01:00:00;DEFAULT_LANEDATA;24496197#2;0;1.50;0;60;24496197#2_0;0;0;1.50;60;0.63;2.46;147.84;13.13;0.59;57.54;2.12;0.00
00:00:00;01:00:00;DEFAULT_LANEDATA;24496197#3;0;10.16;0;270;24496197#3_0;0;0;10.16;270;4.50;3.07;828.91;9.00;0.41;487.13;2.73;307.00
00:00:00;01:00:00;DEFAULT_LANEDATA;24496197#4;0;85.33;0;505;24496197#4_0;0;0;85.33;504;28.43;6.05;3037.91;2.46;0.11;2609.54;3.23;2323.00
00:00:00;01:00:00;DEFAULT_LANEDATA;24496197#5;0;61.59;0;231;24496197#5_0;0;0;61.59;228;23.47;18.50;4201.81;1.29;0.06;3888.11;17.79;3539.69
00:00:00;01:00:00;DEFAULT_LANEDATA;24496198#0;0;12.00;13;272;24496198#0_0;0;0;12.00;285;3.50;1.01;282.17;11.40;0.82;46.64;0.56;0.00
00:00:00;01:00:00;DEFAULT_LANEDATA;24496198#1;0;8.81;10;284;24496198#1_0;0;0;8.81;293;3.62;2.42;706.64;11.26;0.81;116.84;1.98;0.00
00:00:00;01:00:00;DEFAULT_LANEDATA;24496199#0;0;69.24;10;426;24496199#0_0;0;0;69.24;427;33.73;30.99;13183.87;1.87;0.08;12050.16;30.05;10621.00
00:00:00;01:00:00;DEFAULT_LANEDATA;24496199#1;0;41.88;0;488;24496199#1_0;0;0;41.88;480;19.86;15.81;7350.97;3.40;0.15;6177.63;15.42;5239.00
00:00:00;01:00:00;DEFAULT_LANEDATA;24496199#4;30;9.65;0;463;24496199#4_0;0;0;9.65;427;4.61;6.38;2927.29;13.98;0.63;1061.09;6.09;622.00
00:00:00;01:00:00;DEFAULT_LANEDATA;24496199#5;11;15.84;0;427;24496199#5_0;0;0;15.84;413;6.44;3.12;1327.09;9.05;0.41;733.17;2.47;505.00
00:00:00;01:00:00;DEFAULT_LANEDATA;24496199#7;19;6.72;0;352;24496199#7_0;0;0;6.72;333;3.13;5.60;1969.61;15.44;0.69;582.26;5.16;106.00
00:00:00;01:00:00;DEFAULT_LANEDATA;24496210#0;10;74.67;10;369;24496210#0_0;0;0;74.67;367;18.05;8.07;3005.24;2.01;0.07;2787.00;5.39;2245.79
00:00:00;01:00:00;DEFAULT_LANEDATA;24496210#1;0;53.93;30;366;24496210#1_0;0;0;53.93;392;22.13;15.38;5975.49;2.33;0.08;5472.90;12.52;4229.00
00:00:00;01:00:00;DEFAULT_LANEDATA;24496216;5;39.90;10;307;24496216_0;0;0;39.90;308;17.46;14.64;4554.92;2.51;0.11;3894.22;12.32;2825.00
00:00:00;01:00:00;DEFAULT_LANEDATA;24496219;0;0.97;30;0;24496219_0;0;0;0.97;30;0.48;46.32;1371.76;8.62;0.62;504.29;45.44;139.00
00:00:00;01:00:00;DEFAULT_LANEDATA;24496221#1;10;3.56;10;178;24496221#1_0;0;0;3.56;178;1.47;1.46;271.25;17.92;0.81;48.90;1.19;0.00
00:00:00;01:00:00;DEFAULT_LANEDATA;24496221#10;0;0.29;0;20;24496221#10_0;0;0;0.29;20;0.14;3.25;65.02;20.39;0.92;5.11;3.01;0.00
00:00:00;01:00:00;DEFAULT_LANEDATA;24496221#11;20;0.28;0;20;24496221#11_0;0;0;0.28;0;0.14;9.48;188.84;20.49;0.92;13.98;9.24;0.00
00:00:00;01:00:00;DEFAULT_LANEDATA;24496221#2;0;3.81;0;178;24496221#2_0;0;0;3.81;178;1.75;6.19;1102.12;13.80;0.62;407.50;5.60;139.00
00:00:00;01:00:00;DEFAULT_LANEDATA;24496221#3;0;15.33;0;178;24496221#3_0;0;0;15.33;177;5.83;2.26;400.72;5.43;0.24;254.10;1.65;161.00
00:00:00;01:00:00;DEFAULT_LANEDATA;24496221#4;0;1.97;0;100;24496221#4_0;0;0;1.97;100;0.87;4.56;455.54;15.18;0.68;118.81;3.88;28.00
00:00:00;01:00:00;DEFAULT_LANEDATA;24496221#5;20;1.23;0;70;24496221#5_0;0;0;1.23;50;0.59;7.73;540.51;16.43;0.74;136.52;7.26;16.00
00:00:00;01:00:00;DEFAULT_LANEDATA;24496221#7;10;1.85;0;50;24496221#7_0;0;0;1.85;40;0.78;3.97;196.91;8.72;0.39;114.66;3.22;41.00
00:00:00;01:00:00;DEFAULT_LANEDATA;24496221#9;10;0.47;0;30;24496221#9_0;0;0;0.47;20;0.22;3.55;106.14;19.09;0.86;13.64;3.30;0.00
00:00:00;01:00:00;DEFAULT_LANEDATA;24496222;10;5.91;0;199;24496222_0;0;0;5.91;183;2.77;4.76;932.03;10.26;0.46;494.26;4.48;337.00
00:00:00;01:00:00;DEFAULT_LANEDATA;24496225;0;6.93;10;167;24496225_0;0;0;6.93;177;3.28;11.30;1993.63;7.51;0.54;883.25;10.68;385.00
00:00:00;01:00:00;DEFAULT_LANEDATA;24510983#0;0;0.25;0;10;24510983#0_0;0;0;0.25;10;0.12;10.42;104.16;11.50;0.83;14.71;10.02;0.00
00:00:00;01:00:00;DEFAULT_LANEDATA;24510983#1;0;9.39;0;50;24510983#1_0;0;0;9.39;43;4.65;87.73;4257.20;1.49;0.11;3764.81;86.43;3409.00
00:00:00;01:00:00;DEFAULT_LANEDATA;24510985#0;10;39.60;0;261;24510985#0_0;0;0;39.60;249;17.30;10.20;2624.34;2.30;0.10;2347.41;6.99;2033.00
00:00:00;01:00:00;DEFAULT_LANEDATA;24510985#1;0;41.72;0;248;24510985#1_0;0;0;41.72;236;20.27;54.59;13091.51;1.69;0.08;12068.59;53.86;10257.00
00:00:00;01:00:00;DEFAULT_LANEDATA;24510986#0;0;6.76;40;0;24510986#0_0;0;0;6.76;40;0.97;1.35;40.42;4.95;0.36;25.91;;0.00
00:00:00;01:00:00;DEFAULT_LANEDATA;24510986#1;0;1.17;0;40;24510986#1_0;0;0;1.17;40;0.56;14.23;569.28;9.83;0.71;148.55;13.50;0.00
00:00:00;01:00:00;DEFAULT_LANEDATA;24962020#0;0;0.70;0;10;24962020#0_0;0;0;0.70;10;0.31;6.56;65.57;4.74;0.34;40.24;5.72;10.00
00:00:00;01:00:00;DEFAULT_LANEDATA;24962020#2;10;17.16;0;169;24962020#2_0;0;0;17.16;153;8.32;18.29;3035.24;2.96;0.21;2376.92;17.62;2119.00
00:00:00;01:00:00;DEFAULT_LANEDATA;24962020#3;10;117.92;0;153;24962020#3_0;0;0;117.92;142;6.20;3.82;577.33;1.67;0.12;464.99;3.09;439.00
00:00:00;01:00:00;DEFAULT_LANEDATA;24962020#4;0;29.22;0;39;24962020#4_0;0;0;29.22;39;13.75;53.43;2070.90;0.46;0.03;1999.79;52.50;1934.00
00:00:00;01:00:00;DEFAULT_LANEDATA;24962020#5;0;54.40;0;39;24962020#5_0;0;0;54.40;35;27.04;160.02;5700.58;0.21;0.02;5597.58;156.33;5399.00
00:00:00;01:00:00;DEFAULT_LANEDATA;24962020#7;0;7.53;0;75;24962020#7_0;0;0;7.53;70;3.32;14.92;1078.77;3.00;0.22;824.37;12.44;587.00
00:00:00;01:00:00;DEFAULT_LANEDATA;25661062#1;0;1.05;10;30;25661062#1_0;0;0;1.05;40;0.51;24.56;977.60;10.72;0.77;203.74;23.63;0.00
00:00:00;01:00:00;DEFAULT_LANEDATA;25661063#0;0;10.43;17;17;25661063#0_0;0;0;10.43;27;5.17;73.00;2154.16;0.85;0.06;2026.40;71.56;1676.00
00:00:00;01:00:00;DEFAULT_LANEDATA;25661063#1;10;30.58;20;496;25661063#1_0;0;0;30.58;499;14.32;11.49;5865.99;5.07;0.37;3512.10;10.72;2292.00
00:00:00;01:00:00;DEFAULT_LANEDATA;25661063#2;10;2.19;0;80;25661063#2_0;0;0;2.19;70;1.00;5.55;442.54;11.04;0.79;72.79;4.94;0.00
00:00:00;01:00:00;DEFAULT_LANEDATA;25661063#3;30;0.65;0;30;25661063#3_0;0;0;0.65;0;0.32;9.57;283.96;13.17;0.95;19.79;9.20;0.00
00:00:00;01:00:00;DEFAULT_LANEDATA;25661068;0;0.57;30;0;25661068_0;0;0;0.57;30;0.28;18.81;553.69;14.60;0.66;170.16;18.17;0.00
00:00:00;01:00:00;DEFAULT_LANEDATA;25661074#0;0;0.68;10;10;25661074#0_0;0;0;0.68;20;0.31;6.18;117.64;8.61;0.62;43.49;5.80;0.00
00:00:00;01:00:00;DEFAULT_LANEDATA;25661074#1;0;0.50;0;20;25661074#1_0;0;0;0.50;20;0.24;19.06;381.27;11.33;0.82;54.73;18.25;0.00
00:00:00;01:00:00;DEFAULT_LANEDATA;260074348;0;84.71;50;0;260074348_0;0;0;84.71;50;27.56;34.53;1015.48;0.24;0.02;998.26;;909.00
00:00:00;01:00:00;DEFAULT_LANEDATA;260074350;0;20.93;20;0;260074350_0;0;0;20.93;20;10.44;229.36;4159.75;0.26;0.02;4083.15;227.86;3729.00
00:00:00;01:00:00;DEFAULT_LANEDATA;260074351;20;0.48;0;20;260074351_0;0;0;0.48;0;0.22;5.97;117.46;12.29;0.88;11.14;5.59;0.00
00:00:00;01:00:00;DEFAULT_LANEDATA;27012216;0;0.36;20;0;27012216_0;0;0;0.36;20;0.17;7.01;133.57;15.60;0.70;40.72;6.76;0.00
00:00:00;01:00:00;DEFAULT_LANEDATA;273005768#0;20;35.46;12;82;273005768#0_0;0;0;35.46;71;16.88;32.96;2961.67;0.86;0.03;2870.45;31.14;2541.00
00:00:00;01:00:00;DEFAULT_LANEDATA;273005768#1;9;47.34;20;69;273005768#1_0;0;0;47.34;79;20.74;15.59;1228.87;0.78;0.03;1194.14;14.32;1070.00
00:00:00;01:00:00;DEFAULT_LANEDATA;273005768#1;1;0.11;0;1;273005768#1_1;0;0;0.11;0;0.03;2.86;2.85;4.26;0.15;2.40;1.97;0.00
00:00:00;01:00:00;DEFAULT_LANEDATA;27936471#0;10;4.03;10;24;27936471#0_0;0;0;4.03;24;0.68;1.13;31.59;6.33;0.28;22.57;0.22;0.00
00:00:00;01:00:00;DEFAULT_LANEDATA;27936471#1;0;0.77;10;24;27936471#1_0;0;0;0.77;34;0.37;11.57;389.32;12.51;0.56;148.38;10.92;0.00
00:00:00;01:00:00;DEFAULT_LANEDATA;27936471#2;14;0.23;0;14;27936471#2_0;0;0;0.23;0;0.09;1.07;14.97;21.84;0.98;0.38;0.84;0.00
00:00:00;01:00:00;DEFAULT_LANEDATA;288069073#1;10;32.64;0;107;288069073#1_0;0;0;32.64;97;15.89;26.04;2685.00;1.07;0.08;2470.10;25.33;2236.76
00:00:00;01:00:00;DEFAULT_LANEDATA;288069073#2;20;1.97;0;80;288069073#2_0;0;0;1.97;60;0.94;9.55;756.35;11.68;0.84;106.63;8.99;6.00
00:00:00;01:00:00;DEFAULT_LANEDATA;288069073#4;13;1.04;0;40;288069073#4_0;0;0;1.04;27;0.47;5.06;201.05;11.62;0.84;24.58;4.47;0.00
00:00:00;01:00:00;DEFAULT_LANEDATA;288069073#5;10;0.29;0;10;288069073#5_0;0;0;0.29;0;0.11;1.40;13.96;13.04;0.94;0.63;1.01;0.00
00:00:00;01:00:00;DEFAULT_LANEDATA;288069074;10;1.38;0;10;288069074_0;0;0;1.38;0;0.65;24.80;229.62;2.07;0.74;62.39;22.46;0.00
00:00:00;01:00:00;DEFAULT_LANEDATA;288069076#1;0;0.44;0;10;288069076#1_0;0;0;0.44;10;0.18;3.51;35.07;7.67;0.55;10.73;2.69;0.00
00:00:00;01:00:00;DEFAULT_LANEDATA;31024244#0;10;56.70;10;320;31024244#0_0;0;0;56.70;320;15.42;4.26;1375.70;2.76;0.20;1099.89;2.51;917.00
00:00:00;01:00:00;DEFAULT_LANEDATA;31024244#1;0;133.33;10;320;31024244#1_0;0;0;133.33;330;11.71;1.31;429.37;3.98;0.29;296.94;0.02;218.00
00:00:00;01:00:00;DEFAULT_LANEDATA;31265883#1;0;0.27;0;10;31265883#1_0;0;0;0.27;10;0.12;4.48;44.77;11.56;0.83;7.93;4.10;0.00
00:00:00;01:00:00;DEFAULT_LANEDATA;31265883#2;10;0.22;0;10;31265883#2_0;0;0;0.22;0;0.11;9.42;93.41;13.09;0.94;6.43;9.05;0.00
00:00:00;01:00:00;DEFAULT_LANEDATA;47160361#0;0;9.32;0;114;47160361#0_0;0;0;9.32;98;4.57;37.33;3956.92;3.29;0.24;3030.56;36.55;2493.00
00:00:00;01:00:00;DEFAULT_LANEDATA;47160361#1;0;31.67;0;96;47160361#1_0;0;0;31.67;81;15.77;144.97;12826.76;0.81;0.06;12073.47;143.75;11604.00
00:00:00;01:00:00;DEFAULT_LANEDATA;47160361#2;0;88.53;13;97;47160361#2_0;0;0;88.53;99;43.04;278.44;24295.75;0.29;0.02;23770.04;276.32;22257.00
00:00:00;01:00:00;DEFAULT_LANEDATA;529197385;10;10.11;10;13;529197385_0;0;0;10.11;13;0.89;1.85;34.58;3.21;0.23;24.76;0.12;4.00
00:00:00;01:00:00;DEFAULT_LANEDATA;529197386#1;0;8.14;10;30;529197386#1_0;0;0;8.14;40;3.15;4.69;165.20;2.27;0.16;107.16;3.77;75.00
00:00:00;01:00:00;DEFAULT_LANEDATA;529197387#1;10;27.35;0;76;529197387#1_0;0;0;27.35;64;12.31;25.56;1899.56;0.95;0.07;1736.65;16.72;1562.00
00:00:00;01:00:00;DEFAULT_LANEDATA;529197387#2;10;0.21;0;10;529197387#2_0;0;0;0.21;0;0.10;3.64;36.21;14.28;1.03;1.61;3.29;0.00
00:00:00;01:00:00;DEFAULT_LANEDATA;529197387#3;0;2.25;10;13;529197387#3_0;0;0;2.25;23;0.87;4.92;98.63;3.49;0.25;59.24;3.36;12.00
00:00:00;01:00:00;DEFAULT_LANEDATA;529197387#4;0;0.31;10;0;529197387#4_0;0;0;0.31;10;0.15;13.07;125.03;8.99;0.65;44.87;12.33;0.00
00:00:00;01:00:00;DEFAULT_LANEDATA;529197389;0;5.73;0;121;529197389_0;0;0;5.73;121;2.63;9.11;1102.78;6.42;0.77;241.60;8.33;0.00
00:00:00;01:00:00;DEFAULT_LANEDATA;530494954;0;133.33;0;53;530494954_0;0;0;133.33;52;9.20;12.28;626.58;0.42;0.03;595.76;11.13;575.47
00:00:00;01:00:00;DEFAULT_LANEDATA;530494956;0;133.33;0;87;530494956_0;0;0;133.33;86;4.32;2.77;238.22;1.88;0.14;176.80;1.84;155.00
00:00:00;01:00:00;DEFAULT_LANEDATA;530494958;0;51.01;0;40;530494958_0;0;0;51.01;40;0.98;0.92;36.72;5.66;0.41;6.99;0.04;0.00
00:00:00;01:00:00;DEFAULT_LANEDATA;530526777#0;0;1.27;0;60;530526777#0_0;0;0;1.27;60;0.59;5.17;310.25;14.08;0.63;113.31;4.86;0.00
00:00:00;01:00:00;DEFAULT_LANEDATA;530526777#1;0;34.85;0;380;530526777#1_0;0;0;34.85;373;16.93;17.46;6575.82;3.29;0.15;5574.01;17.05;4459.00
00:00:00;01:00:00;DEFAULT_LANEDATA;530526777#2;11;32.90;10;342;530526777#2_0;0;0;32.90;333;16.12;21.22;7369.41;3.17;0.14;6220.63;20.70;5269.00
00:00:00;01:00:00;DEFAULT_LANEDATA;530534025#0;0;3.68;0;81;530534025#0_0;0;0;3.68;81;1.70;9.48;768.10;6.65;0.80;145.04;8.73;0.00
00:00:00;01:00:00;DEFAULT_LANEDATA;530534025#1;30;3.41;0;80;530534025#1_0;0;0;3.41;50;1.55;7.03;554.60;7.13;0.86;71.64;6.33;0.00
00:00:00;01:00:00;DEFAULT_LANEDATA;530534025#3;20;0.83;0;20;530534025#3_0;0;0;0.83;0;0.40;12.27;240.12;6.98;0.84;30.66;11.58;0.00
00:00:00;01:00:00;DEFAULT_LANEDATA;53478360#1;2;1.78;0;72;53478360#1_0;0;0;1.78;70;0.86;22.13;1589.56;11.45;0.82;258.03;21.45;23.00
00:00:00;01:00:00;DEFAULT_LANEDATA;53478360#2;20;2.41;0;98;53478360#2_0;0;0;2.41;78;1.14;10.74;1050.99;11.76;0.85;140.31;10.23;0.00
00:00:00;01:00:00;DEFAULT_LANEDATA;53478381#0;0;1.53;0;57;53478381#0_0;0;0;1.53;57;0.72;12.08;688.81;10.78;0.78;160.59;11.31;44.00
00:00:00;01:00:00;DEFAULT_LANEDATA;53478381#1;0;3.13;10;69;53478381#1_0;0;0;3.13;73;1.51;16.58;1282.36;7.16;0.52;600.42;15.83;302.00
00:00:00;01:00:00;DEFAULT_LANEDATA;53478584#0;0;7.84;0;201;53478584#0_0;0;0;7.84;201;3.11;3.04;610.13;8.77;0.63;208.36;2.45;71.00
00:00:00;01:00:00;DEFAULT_LANEDATA;53478584#1;10;4.56;0;183;53478584#1_0;0;0;4.56;171;2.13;6.30;1147.21;11.88;0.86;159.76;5.88;0.00
00:00:00;01:00:00;DEFAULT_LANEDATA;53478584#2;0;5.63;20;171;53478584#2_0;0;0;5.63;190;2.45;3.21;600.69;10.80;0.78;131.46;2.78;0.00
00:00:00;01:00:00;DEFAULT_LANEDATA;53478584#4;0;5.10;0;190;53478584#4_0;0;0;5.10;186;2.42;10.02;1881.16;10.73;0.77;370.72;9.42;0.00
00:00:00;01:00:00;DEFAULT_LANEDATA;53478584#5;20;0.54;0;20;53478584#5_0;0;0;0.54;0;0.24;3.68;71.56;11.29;0.81;13.72;3.28;0.00
00:00:00;01:00:00;DEFAULT_LANEDATA;53478596#0;0;2.57;0;60;53478596#0_0;0;0;2.57;60;1.19;10.46;627.33;6.98;0.84;99.40;9.73;0.00
00:00:00;01:00:00;DEFAULT_LANEDATA;53478596#1;20;2.59;0;60;53478596#1_0;0;0;2.59;40;1.23;12.65;753.29;6.79;0.82;135.31;11.93;0.00
00:00:00;01:00:00;DEFAULT_LANEDATA;53478596#2;20;0.82;0;20;53478596#2_0;0;0;0.82;0;0.38;7.77;150.87;7.21;0.87;19.28;7.10;0.00
00:00:00;01:00:00;DEFAULT_LANEDATA;53478596#3;0;0.99;0;20;53478596#3_0;0;0;0.99;20;0.45;8.51;170.20;6.21;0.75;39.53;7.72;0.00
00:00:00;01:00:00;DEFAULT_LANEDATA;53478596#4;10;0.45;0;10;53478596#4_0;0;0;0.45;0;0.21;7.73;74.02;6.52;0.78;12.05;6.99;0.00
00:00:00;01:00:00;DEFAULT_LANEDATA;53478596#5;0;0.53;10;0;53478596#5_0;0;0;0.53;10;0.25;9.76;87.96;5.27;0.63;29.35;8.81;0.00
00:00:00;01:00:00;DEFAULT_LANEDATA;53478608;0;2.13;10;30;53478608_0;0;0;2.13;40;0.94;5.61;215.68;5.90;0.71;62.40;4.81;0.00
00:00:00;01:00:00;DEFAULT_LANEDATA;53478628;20;0.83;0;20;53478628_0;0;0;0.83;0;0.38;5.64;106.37;7.19;0.86;13.01;4.97;0.00
00:00:00;01:00:00;DEFAULT_LANEDATA;53478647;0;0.06;0;2;53478647_0;0;0;0.06;2;0.03;5.92;11.84;9.89;0.71;2.66;5.33;0.00
00:00:00;01:00:00;DEFAULT_LANEDATA;53478658#0;0;6.20;0;3;53478658#0_0;0;0;6.20;3;3.10;331.18;920.49;0.14;0.01;911.87;307.12;901.00
00:00:00;01:00:00;DEFAULT_LANEDATA;53478658#1;10;0.48;0;10;53478658#1_0;0;0;0.48;0;0.15;1.61;14.15;8.17;0.59;5.87;1.04;0.00
00:00:00;01:00:00;DEFAULT_LANEDATA;53478678#0;0;4.62;0;185;53478678#0_0;0;0;4.62;179;2.19;9.50;1733.30;11.49;0.83;296.89;9.06;11.00
00:00:00;01:00:00;DEFAULT_LANEDATA;53478678#1;10;6.85;10;179;53478678#1_0;0;0;6.85;175;2.92;3.36;619.47;8.97;0.65;203.50;2.84;41.00
00:00:00;01:00:00;DEFAULT_LANEDATA;53478678#2;10;9.01;10;175;53478678#2_0;0;0;9.01;168;4.16;9.29;1676.86;6.10;0.44;914.25;8.36;202.00
00:00:00;01:00:00;DEFAULT_LANEDATA;53478731#1;10;4.54;0;80;53478731#1_0;0;0;4.54;70;1.83;4.47;354.34;5.97;0.72;91.04;3.44;0.00
00:00:00;01:00:00;DEFAULT_LANEDATA;53478731#2;50;1.96;0;50;53478731#2_0;0;0;1.96;0;0.95;14.74;723.86;7.29;0.88;94.92;14.09;0.00
00:00:00;01:00:00;DEFAULT_LANEDATA;53478740;20;3.05;0;20;53478740_0;0;0;3.05;0;1.44;28.94;537.20;1.86;0.67;168.28;26.35;0.00
00:00:00;01:00:00;DEFAULT_LANEDATA;59863089#0;0;0.39;0;10;59863089#0_0;0;0;0.39;10;0.17;4.98;49.76;8.07;0.58;14.75;4.12;0.00
00:00:00;01:00:00;DEFAULT_LANEDATA;59863091#0;0;0.83;0;20;59863091#0_0;0;0;0.83;20;0.35;4.32;86.42;7.81;0.56;27.86;3.51;0.00
00:00:00;01:00:00;DEFAULT_LANEDATA;59863102#1;0;0.62;0;20;59863102#1_0;0;0;0.62;20;0.29;11.67;233.36;9.41;0.68;68.19;10.86;0.00
00:00:00;01:00:00;DEFAULT_LANEDATA;665481280;0;68.39;0;372;665481280_0;0;0;68.39;362;33.30;49.59;17890.61;1.57;0.06;16860.38;48.59;13883.00
00:00:00;01:00:00;DEFAULT_LANEDATA;665481281#0;10;55.30;0;385;665481281#0_0;0;0;55.30;367;25.10;24.98;9495.54;2.11;0.08;8768.21;24.51;7355.00
00:00:00;01:00:00;DEFAULT_LANEDATA;665481281#1;0;58.27;0;345;665481281#1_0;0;0;58.27;340;27.85;21.59;7381.63;1.86;0.07;6885.34;21.19;6075.00
00:00:00;01:00:00;DEFAULT_LANEDATA;665481282#0;0;46.43;0;310;665481282#0_0;0;0;46.43;307;18.08;12.57;3827.29;2.22;0.08;3516.59;9.52;3177.00
00:00:00;01:00:00;DEFAULT_LANEDATA;665481282#1;0;43.86;26;306;665481282#1_0;0;0;43.86;321;20.82;34.48;11070.41;2.18;0.08;10171.14;32.51;8954.00
00:00:00;01:00:00;DEFAULT_LANEDATA;76842202#0;0;0.80;30;0;76842202#0_0;0;0;0.80;30;0.39;10.42;297.89;10.43;0.75;72.01;10.00;0.00
00:00:00;01:00:00;DEFAULT_LANEDATA;76842202#1;0;2.16;20;50;76842202#1_0;0;0;2.16;70;0.99;5.06;343.39;9.72;0.70;101.69;4.65;0.00
00:00:00;01:00:00;DEFAULT_LANEDATA;829324432#0;10;133.33;0;376;829324432#0_0;0;0;133.33;366;24.59;4.37;1610.20;1.88;0.07;1500.76;0.47;1239.00
00:00:00;01:00:00;DEFAULT_LANEDATA;829324432#1;0;81.58;10;365;829324432#1_0;0;0;81.58;372;31.31;18.46;6749.11;1.52;0.05;6379.45;14.37;5248.62
00:00:00;01:00:00;DEFAULT_LANEDATA;829324433#1;0;5.19;10;348;829324433#1_0;0;0;5.19;358;2.36;2.47;881.22;21.12;0.76;201.96;2.25;0.00
00:00:00;01:00:00;DEFAULT_LANEDATA;829324433#2;0;5.40;20;358;829324433#2_0;0;0;5.40;378;2.46;2.43;913.58;21.40;0.77;199.56;2.21;0.00
00:00:00;01:00:00;DEFAULT_LANEDATA;829324436;0;62.12;0;363;829324436_0;0;0;62.12;356;30.29;31.73;11298.43;1.75;0.06;10585.56;31.26;9170.00
